Date,Order ID,Pair,Type,Side,Lot Size,Price,Margin Mode,Status,Net P&L
"2026-07-31T16:14:14.559Z","132682340","XAU/USD","stop_loss","buy","0.100","4046.91","cross","filled","-25.14"
"2026-07-31T16:14:14.464Z","132680822","XAU/USD","stop_loss","buy","0.100","4046.91","cross","cancelled",""
"2026-07-31T16:14:14.464Z","132681034","XAU/USD","take_profit","buy","0.100","4032.83","cross","cancelled",""
"2026-07-31T16:14:14.464Z","132681035","XAU/USD","stop_loss","buy","0.100","4046.91","cross","cancelled",""
"2026-07-31T16:14:14.464Z","132682339","XAU/USD","take_profit","buy","0.100","4024.08","cross","cancelled",""
"2026-07-31T16:00:25.897Z","132680732","XAU/USD","market","sell","0.100","4044.40","cross","filled",""
"2026-07-31T15:15:33.690Z","132649087","XAU/USD","stop_loss","buy","0.030","4050.86","cross","filled","-18.87"
"2026-07-31T15:15:33.367Z","132648660","XAU/USD","stop_loss","buy","0.030","4050.86","cross","cancelled",""
"2026-07-31T15:15:33.367Z","132648799","XAU/USD","take_profit","buy","0.030","4021.45","cross","cancelled",""
"2026-07-31T15:15:33.367Z","132648800","XAU/USD","stop_loss","buy","0.030","4050.86","cross","cancelled",""
"2026-07-31T15:15:33.367Z","132648900","XAU/USD","take_profit","buy","0.030","4011.14","cross","cancelled",""
"2026-07-31T15:15:33.367Z","132648901","XAU/USD","stop_loss","buy","0.030","4050.86","cross","cancelled",""
"2026-07-31T15:15:33.367Z","132649086","XAU/USD","take_profit","buy","0.030","4011.01","cross","cancelled",""
"2026-07-31T15:05:52.264Z","132648459","XAU/USD","market","sell","0.030","4044.57","cross","filled",""
"2026-07-29T16:23:09.550Z","131562007","XAU/USD","stop_loss","buy","0.030","4016.12","cross","filled","-21.98"
"2026-07-29T16:23:09.416Z","131561783","XAU/USD","stop_loss","buy","0.030","4016.12","cross","cancelled",""
"2026-07-29T16:23:09.416Z","131561834","XAU/USD","take_profit","buy","0.030","3975.17","cross","cancelled",""
"2026-07-29T16:23:09.416Z","131561835","XAU/USD","stop_loss","buy","0.030","4016.12","cross","cancelled",""
"2026-07-29T16:23:09.416Z","131561976","XAU/USD","take_profit","buy","0.030","3908.33","cross","cancelled",""
"2026-07-29T16:23:09.416Z","131561977","XAU/USD","stop_loss","buy","0.030","4016.12","cross","cancelled",""
"2026-07-29T16:23:09.416Z","131562006","XAU/USD","take_profit","buy","0.030","3908.53","cross","cancelled",""
"2026-07-29T16:15:16.538Z","131561688","XAU/USD","market","sell","0.030","4008.79","cross","filled",""
"2026-07-29T16:08:54.035Z","131553211","XAU/USD","stop_loss","buy","0.060","4014.26","cross","filled","-23.53"
"2026-07-29T16:08:53.918Z","131552899","XAU/USD","stop_loss","buy","0.060","4014.26","cross","cancelled",""
"2026-07-29T16:08:53.918Z","131553210","XAU/USD","take_profit","buy","0.060","3985.30","cross","cancelled",""
"2026-07-29T15:56:05.392Z","131552834","XAU/USD","market","sell","0.060","4010.34","cross","filled",""
"2026-07-29T15:50:20.576Z","131544967","XAU/USD","stop_loss","buy","0.050","4013.89","cross","filled","-23.55"
"2026-07-29T15:50:20.450Z","131544281","XAU/USD","stop_loss","buy","0.050","4013.89","cross","cancelled",""
"2026-07-29T15:50:20.450Z","131544470","XAU/USD","take_profit","buy","0.050","3987.16","cross","cancelled",""
"2026-07-29T15:50:20.450Z","131544471","XAU/USD","stop_loss","buy","0.050","4013.89","cross","cancelled",""
"2026-07-29T15:50:20.450Z","131544966","XAU/USD","take_profit","buy","0.050","3985.17","cross","cancelled",""
"2026-07-29T15:38:44.428Z","131544177","XAU/USD","market","sell","0.050","4009.18","cross","filled",""
"2026-07-28T15:43:28.821Z","131025496","XAU/USD","stop_loss","buy","0.030","4041.06","cross","filled","-20.43"
"2026-07-28T15:43:28.691Z","131025276","XAU/USD","stop_loss","buy","0.030","4041.06","cross","cancelled",""
"2026-07-28T15:43:28.691Z","131025373","XAU/USD","take_profit","buy","0.030","4008.97","cross","cancelled",""
"2026-07-28T15:43:28.691Z","131025374","XAU/USD","stop_loss","buy","0.030","4041.06","cross","cancelled",""
"2026-07-28T15:43:28.691Z","131025495","XAU/USD","take_profit","buy","0.030","4000.63","cross","cancelled",""
"2026-07-28T15:30:57.482Z","131025169","XAU/USD","market","sell","0.030","4034.25","cross","filled",""
"2026-07-28T15:20:29.755Z","131002307","XAU/USD","stop_loss","buy","0.030","4038.77","cross","filled","-20.18"
"2026-07-28T15:20:29.493Z","130909234","XAU/USD","stop_loss","buy","0.030","4038.77","cross","cancelled",""
"2026-07-28T15:20:29.493Z","130909357","XAU/USD","take_profit","buy","0.030","3998.62","cross","cancelled",""
"2026-07-28T15:20:29.493Z","130909358","XAU/USD","stop_loss","buy","0.030","4038.77","cross","cancelled",""
"2026-07-28T15:20:29.493Z","131002306","XAU/USD","take_profit","buy","0.030","3998.56","cross","cancelled",""
"2026-07-28T12:55:45.950Z","130909139","XAU/USD","market","sell","0.030","4032.04","cross","filled",""
"2026-07-28T07:20:10.531Z","130737372","XAU/USD","stop_loss","buy","0.030","4052.35","cross","filled","-11.44"
"2026-07-28T07:20:10.426Z","130736979","XAU/USD","stop_loss","buy","0.030","4052.35","cross","cancelled",""
"2026-07-28T07:20:10.426Z","130737195","XAU/USD","take_profit","buy","0.030","4032.31","cross","cancelled",""
"2026-07-28T07:20:10.426Z","130737196","XAU/USD","stop_loss","buy","0.030","4052.35","cross","cancelled",""
"2026-07-28T07:20:10.426Z","130737282","XAU/USD","take_profit","buy","0.030","4026.33","cross","cancelled",""
"2026-07-28T07:20:10.426Z","130737283","XAU/USD","stop_loss","buy","0.030","4052.35","cross","cancelled",""
"2026-07-28T07:20:10.426Z","130737371","XAU/USD","take_profit","buy","0.030","4014.96","cross","cancelled",""
"2026-07-28T06:46:59.426Z","130736791","XAU/USD","market","sell","0.030","4048.54","cross","filled",""
"2026-07-28T00:04:39.232Z","130600000","XAU/USD","market","buy","0.050","4069.80","cross","filled","99.99"
"2026-07-28T00:04:39.203Z","130532284","XAU/USD","stop_loss","buy","0.050","4094.16","cross","cancelled",""
"2026-07-28T00:04:39.203Z","130533642","XAU/USD","take_profit","buy","0.050","4069.75","cross","cancelled",""
"2026-07-28T00:04:39.203Z","130533643","XAU/USD","stop_loss","buy","0.050","4094.16","cross","cancelled",""
"2026-07-28T00:04:39.203Z","130597420","XAU/USD","take_profit","buy","0.050","4056.40","cross","cancelled",""
"2026-07-28T00:04:39.203Z","130597421","XAU/USD","stop_loss","buy","0.050","4094.16","cross","cancelled",""
"2026-07-28T00:04:39.203Z","130597451","XAU/USD","take_profit","buy","0.050","4049.01","cross","cancelled",""
"2026-07-28T00:04:39.203Z","130597452","XAU/USD","stop_loss","buy","0.050","4094.16","cross","cancelled",""
"2026-07-28T00:04:39.203Z","130598627","XAU/USD","take_profit","buy","0.050","4049.64","cross","cancelled",""
"2026-07-28T00:04:39.203Z","130598628","XAU/USD","stop_loss","buy","0.050","4094.16","cross","cancelled",""
"2026-07-28T00:04:39.203Z","130599008","XAU/USD","take_profit","buy","0.050","4064.98","cross","cancelled",""
"2026-07-28T00:04:39.203Z","130599009","XAU/USD","stop_loss","buy","0.050","4094.16","cross","cancelled",""
"2026-07-28T00:04:39.203Z","130599284","XAU/USD","take_profit","buy","0.050","4049.79","cross","cancelled",""
"2026-07-28T00:04:39.203Z","130599285","XAU/USD","stop_loss","buy","0.050","4094.16","cross","cancelled",""
"2026-07-27T16:40:36.347Z","130532199","XAU/USD","market","sell","0.050","4089.80","cross","filled",""
"2026-07-27T16:25:14.723Z","130517825","XAU/USD","stop_loss","buy","0.050","4085.00","cross","filled","-21.19"
"2026-07-27T16:25:14.602Z","130517619","XAU/USD","stop_loss","buy","0.050","4085.00","cross","cancelled",""
"2026-07-27T16:25:14.602Z","130517824","XAU/USD","take_profit","buy","0.050","4060.73","cross","cancelled",""
"2026-07-27T16:15:05.965Z","130517474","XAU/USD","market","sell","0.050","4080.76","cross","filled",""
"2026-07-27T05:04:33.509Z","130120783","XAU/USD","stop_loss","buy","0.090","4092.54","cross","filled","-22.32"
"2026-07-27T05:04:33.412Z","130116816","XAU/USD","stop_loss","buy","0.090","4092.54","cross","cancelled",""
"2026-07-27T05:04:33.412Z","130116991","XAU/USD","take_profit","buy","0.090","4078.91","cross","cancelled",""
"2026-07-27T05:04:33.412Z","130116992","XAU/USD","stop_loss","buy","0.090","4092.54","cross","cancelled",""
"2026-07-27T05:04:33.412Z","130120440","XAU/USD","take_profit","buy","0.090","4067.53","cross","cancelled",""
"2026-07-27T05:04:33.412Z","130120441","XAU/USD","stop_loss","buy","0.090","4092.54","cross","cancelled",""
"2026-07-27T05:04:33.412Z","130120782","XAU/USD","take_profit","buy","0.090","4055.34","cross","cancelled",""
"2026-07-27T04:46:01.125Z","130116611","XAU/USD","market","sell","0.090","4090.06","cross","filled",""
"2026-07-24T10:04:29.545Z","129579811","XAU/USD","stop_loss","buy","0.040","4061.19","cross","filled","-19.47"
"2026-07-24T10:04:29.449Z","129579743","XAU/USD","stop_loss","buy","0.040","4061.19","cross","cancelled",""
"2026-07-24T10:04:29.449Z","129579810","XAU/USD","take_profit","buy","0.040","4031.32","cross","cancelled",""
"2026-07-24T09:05:09.561Z","129579488","XAU/USD","market","sell","0.040","4056.32","cross","filled",""
"2026-07-22T06:26:57.520Z","128323386","XAU/USD","take_profit","buy","0.050","4117.58","cross","filled","100.85"
"2026-07-22T06:26:57.417Z","128267970","XAU/USD","stop_loss","buy","0.050","4141.97","cross","cancelled",""
"2026-07-22T06:26:57.417Z","128268245","XAU/USD","take_profit","buy","0.050","4119.97","cross","cancelled",""
"2026-07-22T06:26:57.417Z","128268246","XAU/USD","stop_loss","buy","0.050","4141.97","cross","cancelled",""
"2026-07-22T06:26:57.417Z","128268274","XAU/USD","take_profit","buy","0.050","4117.68","cross","cancelled",""
"2026-07-22T06:26:57.417Z","128268275","XAU/USD","stop_loss","buy","0.050","4141.97","cross","cancelled",""
"2026-07-22T06:26:57.417Z","128298901","XAU/USD","take_profit","buy","0.050","4111.91","cross","cancelled",""
"2026-07-22T06:26:57.417Z","128298902","XAU/USD","stop_loss","buy","0.050","4141.97","cross","cancelled",""
"2026-07-22T06:26:57.417Z","128323387","XAU/USD","stop_loss","buy","0.050","4141.97","cross","cancelled",""
"2026-07-22T03:28:49.331Z","128267816","XAU/USD","market","sell","0.050","4137.75","cross","filled",""
"2026-07-14T11:33:08.696Z","124663012","XAU/USD","stop_loss","buy","0.050","4028.89","cross","filled","-20.01"
"2026-07-14T11:33:08.586Z","124662934","XAU/USD","stop_loss","buy","0.050","4028.89","cross","cancelled",""
"2026-07-14T11:33:08.586Z","124663011","XAU/USD","take_profit","buy","0.050","4004.69","cross","cancelled",""
"2026-07-14T11:30:19.734Z","124662848","XAU/USD","market","sell","0.050","4024.89","cross","filled",""
"2026-07-13T14:01:16.061Z","124113460","XAU/USD","market","buy","0.030","4042.77","cross","filled","92.55"
"2026-07-13T14:01:16.027Z","123910741","XAU/USD","stop_loss","buy","0.030","4080.04","cross","cancelled",""
"2026-07-13T14:01:16.027Z","123910967","XAU/USD","take_profit","buy","0.030","4043.40","cross","cancelled",""
"2026-07-13T14:01:16.027Z","123910968","XAU/USD","stop_loss","buy","0.030","4080.04","cross","cancelled",""
"2026-07-13T14:01:16.027Z","123990700","XAU/USD","take_profit","buy","0.030","4043.40","cross","cancelled",""
"2026-07-13T14:01:16.027Z","123990701","XAU/USD","stop_loss","buy","0.030","4073.70","cross","cancelled",""
"2026-07-13T14:01:16.027Z","124035293","XAU/USD","take_profit","buy","0.030","4022.25","cross","cancelled",""
"2026-07-13T14:01:16.027Z","124035294","XAU/USD","stop_loss","buy","0.030","4073.70","cross","cancelled",""
"2026-07-13T14:01:16.027Z","124104435","XAU/USD","take_profit","buy","0.030","4023.54","cross","cancelled",""
"2026-07-13T14:01:16.027Z","124104436","XAU/USD","stop_loss","buy","0.030","4073.70","cross","cancelled",""
"2026-07-13T14:01:16.027Z","124113033","XAU/USD","take_profit","buy","0.030","4023.54","cross","cancelled",""
"2026-07-13T14:01:16.027Z","124113034","XAU/USD","stop_loss","buy","0.030","4069.07","cross","cancelled",""
"2026-07-13T08:30:11.501Z","123910459","XAU/USD","market","sell","0.030","4073.62","cross","filled",""
"2026-07-10T16:52:48.619Z","123407828","XAU/USD","stop_loss","sell","0.030","4107.00","cross","filled","-25.60"
"2026-07-10T16:52:48.499Z","123400823","XAU/USD","stop_loss","sell","0.030","4107.15","cross","cancelled",""
"2026-07-10T16:52:48.499Z","123401095","XAU/USD","take_profit","sell","0.030","4157.99","cross","cancelled",""
"2026-07-10T16:52:48.499Z","123401096","XAU/USD","stop_loss","sell","0.030","4107.15","cross","cancelled",""
"2026-07-10T16:52:48.499Z","123407827","XAU/USD","take_profit","sell","0.030","4157.99","cross","cancelled",""
"2026-07-10T16:30:49.679Z","123400514","XAU/USD","market","buy","0.030","4115.53","cross","filled",""
"2026-07-09T15:11:01.599Z","122758877","XAU/USD","stop_loss","sell","0.050","4125.87","cross","filled","-21.74"
"2026-07-09T15:11:01.479Z","122758700","XAU/USD","stop_loss","sell","0.050","4125.87","cross","cancelled",""
"2026-07-09T15:11:01.479Z","122758876","XAU/USD","take_profit","sell","0.050","4150.23","cross","cancelled",""
"2026-07-09T15:06:45.303Z","122758530","XAU/USD","market","buy","0.050","4130.22","cross","filled",""
"2026-07-09T14:10:19.669Z","122706566","XAU/USD","stop_loss","sell","0.050","4126.08","cross","filled","-23.40"
"2026-07-09T14:10:19.544Z","122706347","XAU/USD","stop_loss","sell","0.050","4126.08","cross","cancelled",""
"2026-07-09T14:10:19.544Z","122706565","XAU/USD","take_profit","sell","0.050","4150.84","cross","cancelled",""
"2026-07-09T14:01:15.813Z","122706040","XAU/USD","market","buy","0.050","4130.76","cross","filled",""
"2026-07-07T04:39:05.434Z","120930787","XAU/USD","market","buy","0.030","4131.15","cross","filled","-0.62"
"2026-07-07T04:39:05.416Z","120922154","XAU/USD","stop_loss","buy","0.030","4137.93","cross","cancelled",""
"2026-07-07T04:39:05.416Z","120922252","XAU/USD","take_profit","buy","0.030","4110.62","cross","cancelled",""
"2026-07-07T04:39:05.416Z","120922253","XAU/USD","stop_loss","buy","0.030","4137.93","cross","cancelled",""
"2026-07-07T04:22:26.271Z","120922039","XAU/USD","market","sell","0.030","4130.95","cross","filled",""
"2026-07-01T19:52:08.574Z","118513283","XAU/USD","stop_loss","sell","0.030","4042.00","cross","filled","-23.15"
"2026-07-01T19:52:08.476Z","118513282","XAU/USD","take_profit","sell","0.030","4100.00","cross","cancelled",""
"2026-07-01T19:50:27.766Z","118444688","XAU/USD","limit","buy","0.030","4049.67","cross","filled",""
"2026-07-01T16:13:05.662Z","118393848","XAU/USD","limit","sell","0.050","4100.00","cross","canceled",""
"2026-07-01T14:22:06.609Z","118333025","XAU/USD","stop_loss","sell","0.050","4096.05","cross","filled","-20.40"
"2026-07-01T14:22:06.488Z","118332826","XAU/USD","stop_loss","sell","0.050","4096.05","cross","cancelled",""
"2026-07-01T14:22:06.488Z","118333024","XAU/USD","take_profit","sell","0.050","4127.59","cross","cancelled",""
"2026-07-01T14:20:34.720Z","118332675","XAU/USD","market","buy","0.050","4100.13","cross","filled",""
"2026-07-01T13:17:32.654Z","118245725","XAU/USD","stop_loss","buy","0.040","4029.34","cross","filled","-0.19"
"2026-07-01T13:17:32.515Z","118199481","XAU/USD","stop_loss","buy","0.040","4035.83","cross","cancelled",""
"2026-07-01T13:17:32.515Z","118200322","XAU/USD","take_profit","buy","0.040","3995.98","cross","cancelled",""
"2026-07-01T13:17:32.515Z","118200323","XAU/USD","stop_loss","buy","0.040","4035.83","cross","cancelled",""
"2026-07-01T13:17:32.515Z","118245724","XAU/USD","take_profit","buy","0.040","3995.98","cross","cancelled",""
"2026-07-01T12:02:00.577Z","118199228","XAU/USD","market","sell","0.040","4029.29","cross","filled",""
"2026-06-26T16:00:54.773Z","115647189","BTC/USD","stop_loss","buy","0.030005","60472.37","cross","filled","0.08"
"2026-06-26T16:00:54.475Z","115420840","BTC/USD","stop_loss","buy","0.030005","60736.76","cross","cancelled",""
"2026-06-26T16:00:54.475Z","115422891","BTC/USD","take_profit","buy","0.030005","59419.78","cross","cancelled",""
"2026-06-26T16:00:54.475Z","115422892","BTC/USD","stop_loss","buy","0.030005","60736.76","cross","cancelled",""
"2026-06-26T16:00:54.475Z","115423032","BTC/USD","take_profit","buy","0.030005","59419.78","cross","cancelled",""
"2026-06-26T16:00:54.475Z","115423033","BTC/USD","stop_loss","buy","0.030005","60719.64","cross","cancelled",""
"2026-06-26T16:00:54.475Z","115423265","BTC/USD","take_profit","buy","0.030005","58129.49","cross","cancelled",""
"2026-06-26T16:00:54.475Z","115423266","BTC/USD","stop_loss","buy","0.030005","60719.64","cross","cancelled",""
"2026-06-26T16:00:54.475Z","115423489","BTC/USD","take_profit","buy","0.030005","59270.10","cross","cancelled",""
"2026-06-26T16:00:54.475Z","115423490","BTC/USD","stop_loss","buy","0.030005","60719.64","cross","cancelled",""
"2026-06-26T16:00:54.475Z","115423545","BTC/USD","take_profit","buy","0.030005","59296.05","cross","cancelled",""
"2026-06-26T16:00:54.475Z","115423546","BTC/USD","stop_loss","buy","0.030005","60719.64","cross","cancelled",""
"2026-06-26T16:00:54.475Z","115429672","BTC/USD","take_profit","buy","0.030005","58945.51","cross","cancelled",""
"2026-06-26T16:00:54.475Z","115429673","BTC/USD","stop_loss","buy","0.030005","60719.64","cross","cancelled",""
"2026-06-26T16:00:54.475Z","115431762","BTC/USD","take_profit","buy","0.030005","58114.76","cross","cancelled",""
"2026-06-26T16:00:54.475Z","115431763","BTC/USD","stop_loss","buy","0.030005","60719.64","cross","cancelled",""
"2026-06-26T16:00:54.475Z","115557718","BTC/USD","take_profit","buy","0.030005","57126.69","cross","cancelled",""
"2026-06-26T16:00:54.475Z","115557719","BTC/USD","stop_loss","buy","0.030005","60719.64","cross","cancelled",""
"2026-06-26T16:00:54.475Z","115585628","BTC/USD","take_profit","buy","0.030005","57126.69","cross","cancelled",""
"2026-06-26T16:00:54.475Z","115585629","BTC/USD","stop_loss","buy","0.030005","60463.21","cross","cancelled",""
"2026-06-26T16:00:54.475Z","115644072","BTC/USD","take_profit","buy","0.030005","57126.69","cross","cancelled",""
"2026-06-26T16:00:54.475Z","115644073","BTC/USD","stop_loss","buy","0.030005","59938.18","cross","cancelled",""
"2026-06-26T16:00:54.475Z","115644452","BTC/USD","take_profit","buy","0.030005","57126.69","cross","cancelled",""
"2026-06-26T16:00:54.475Z","115644453","BTC/USD","stop_loss","buy","0.030005","60468.26","cross","cancelled",""
"2026-06-26T16:00:54.475Z","115646883","BTC/USD","take_profit","buy","0.030005","57126.69","cross","cancelled",""
"2026-06-26T16:00:54.475Z","115646884","BTC/USD","stop_loss","buy","0.030005","59932.11","cross","cancelled",""
"2026-06-26T16:00:54.475Z","115647188","BTC/USD","take_profit","buy","0.030005","57126.69","cross","cancelled",""
"2026-06-26T07:46:48.222Z","115420631","BTC/USD","market","sell","0.030005","60474.90","cross","filled",""
"2026-06-25T15:22:30.661Z","114888487","XAU/USD","stop_loss","buy","0.020","4035.52","cross","filled","-69.28"
"2026-06-25T15:22:29.988Z","114880499","XAU/USD","stop_loss","buy","0.020","4035.52","cross","cancelled",""
"2026-06-25T15:22:29.988Z","114881260","XAU/USD","take_profit","buy","0.020","3844.31","cross","cancelled",""
"2026-06-25T15:22:29.988Z","114881261","XAU/USD","stop_loss","buy","0.020","4035.52","cross","cancelled",""
"2026-06-25T15:22:29.988Z","114888486","XAU/USD","take_profit","buy","0.020","3811.87","cross","cancelled",""
"2026-06-25T14:00:42.733Z","114878264","XAU/USD","market","sell","0.020","4000.88","cross","filled",""
"2026-06-25T01:38:01.554Z","114370533","XAU/USD","market","buy","0.010","3981.55","cross","filled","0.96"
"2026-06-25T01:38:01.537Z","114370009","XAU/USD","stop_loss","buy","0.010","3996.64","cross","cancelled",""
"2026-06-25T01:38:01.537Z","114370159","XAU/USD","take_profit","buy","0.010","3922.49","cross","cancelled",""
"2026-06-25T01:38:01.537Z","114370160","XAU/USD","stop_loss","buy","0.010","3996.64","cross","cancelled",""
"2026-06-25T01:38:01.537Z","114370502","XAU/USD","take_profit","buy","0.010","3922.49","cross","cancelled",""
"2026-06-25T01:38:01.537Z","114370503","XAU/USD","stop_loss","buy","0.010","3996.41","cross","cancelled",""
"2026-06-25T01:36:33.071Z","114369915","XAU/USD","market","sell","0.010","3982.51","cross","filled",""
"2026-06-24T14:33:23.652Z","114077089","XAU/USD","stop_loss","buy","0.050","4029.43","cross","filled","-0.23"
"2026-06-24T14:33:23.502Z","114060081","XAU/USD","stop_loss","buy","0.050","4034.03","cross","cancelled",""
"2026-06-24T14:33:23.502Z","114060318","XAU/USD","take_profit","buy","0.050","3964.84","cross","cancelled",""
"2026-06-24T14:33:23.502Z","114060319","XAU/USD","stop_loss","buy","0.050","4034.03","cross","cancelled",""
"2026-06-24T14:33:23.502Z","114066936","XAU/USD","take_profit","buy","0.050","4008.87","cross","cancelled",""
"2026-06-24T14:33:23.502Z","114066937","XAU/USD","stop_loss","buy","0.050","4034.03","cross","cancelled",""
"2026-06-24T14:33:23.502Z","114071265","XAU/USD","take_profit","buy","0.050","4003.31","cross","cancelled",""
"2026-06-24T14:33:23.502Z","114071266","XAU/USD","stop_loss","buy","0.050","4034.03","cross","cancelled",""
"2026-06-24T14:33:23.502Z","114077088","XAU/USD","take_profit","buy","0.050","4003.31","cross","cancelled",""
"2026-06-24T14:02:23.689Z","114059888","XAU/USD","market","sell","0.050","4029.38","cross","filled",""
"2026-06-23T23:43:33.956Z","113435828","XAU/USD","market","buy","0.050","4081.86","cross","filled","88.61"
"2026-06-23T23:43:33.938Z","113431226","XAU/USD","stop_loss","buy","0.050","4104.05","cross","cancelled",""
"2026-06-23T23:43:33.938Z","113431382","XAU/USD","take_profit","buy","0.050","4079.53","cross","cancelled",""
"2026-06-23T23:43:33.938Z","113431383","XAU/USD","stop_loss","buy","0.050","4104.05","cross","cancelled",""
"2026-06-23T23:43:33.938Z","113434920","XAU/USD","take_profit","buy","0.050","4079.53","cross","cancelled",""
"2026-06-23T23:43:33.938Z","113434921","XAU/USD","stop_loss","buy","0.050","4099.72","cross","cancelled",""
"2026-06-23T23:04:10.574Z","113431171","XAU/USD","market","sell","0.050","4099.58","cross","filled",""
"2026-06-23T22:44:52.513Z","113428505","XAU/USD","stop_loss","buy","0.050","4104.01","cross","filled","-22.71"
"2026-06-23T22:44:52.424Z","113428421","XAU/USD","stop_loss","buy","0.050","4104.01","cross","cancelled",""
"2026-06-23T22:44:52.424Z","113428487","XAU/USD","take_profit","buy","0.050","4080.21","cross","cancelled",""
"2026-06-23T22:44:52.424Z","113428488","XAU/USD","stop_loss","buy","0.050","4104.01","cross","cancelled",""
"2026-06-23T22:44:52.424Z","113428504","XAU/USD","take_profit","buy","0.050","4079.46","cross","cancelled",""
"2026-06-23T22:35:24.931Z","113428372","XAU/USD","market","sell","0.050","4099.47","cross","filled",""
"2026-06-23T15:33:03.961Z","113254085","XAU/USD","stop_loss","buy","0.050","4134.03","cross","filled","-21.75"
"2026-06-23T15:33:03.507Z","113253075","XAU/USD","stop_loss","buy","0.050","4133.91","cross","cancelled",""
"2026-06-23T15:33:03.507Z","113253639","XAU/USD","stop_loss","buy","0.050","4134.03","cross","cancelled",""
"2026-06-23T15:33:03.507Z","113254084","XAU/USD","take_profit","buy","0.050","4109.58","cross","cancelled",""
"2026-06-23T15:06:42.668Z","113252820","XAU/USD","market","sell","0.050","4129.68","cross","filled",""
"2026-06-23T15:01:21.202Z","113213559","XAU/USD","stop_loss","buy","0.050","4134.01","cross","filled","-21.02"
"2026-06-23T15:01:20.777Z","113213245","XAU/USD","stop_loss","buy","0.050","4134.01","cross","cancelled",""
"2026-06-23T15:01:20.777Z","113213558","XAU/USD","take_profit","buy","0.050","4109.73","cross","cancelled",""
"2026-06-23T14:27:53.579Z","113212893","XAU/USD","market","sell","0.050","4129.81","cross","filled",""
"2026-06-23T13:48:55.088Z","113106953","XAU/USD","stop_loss","buy","0.030","4133.69","cross","filled","-22.00"
"2026-06-23T13:48:54.964Z","113009106","XAU/USD","stop_loss","buy","0.030","4133.69","cross","cancelled",""
"2026-06-23T13:48:54.964Z","113009180","XAU/USD","take_profit","buy","0.030","4103.79","cross","cancelled",""
"2026-06-23T13:48:54.964Z","113009181","XAU/USD","stop_loss","buy","0.030","4133.69","cross","cancelled",""
"2026-06-23T13:48:54.964Z","113009365","XAU/USD","take_profit","buy","0.030","4092.55","cross","cancelled",""
"2026-06-23T13:48:54.964Z","113009366","XAU/USD","stop_loss","buy","0.030","4133.69","cross","cancelled",""
"2026-06-23T13:48:54.964Z","113035024","XAU/USD","take_profit","buy","0.030","4117.72","cross","cancelled",""
"2026-06-23T13:48:54.964Z","113035025","XAU/USD","stop_loss","buy","0.030","4133.69","cross","cancelled",""
"2026-06-23T13:48:54.964Z","113035245","XAU/USD","take_profit","buy","0.030","4092.97","cross","cancelled",""
"2026-06-23T13:48:54.964Z","113035246","XAU/USD","stop_loss","buy","0.030","4133.69","cross","cancelled",""
"2026-06-23T13:48:54.964Z","113106630","XAU/USD","take_profit","buy","0.030","4113.73","cross","cancelled",""
"2026-06-23T13:48:54.964Z","113106631","XAU/USD","stop_loss","buy","0.030","4133.69","cross","cancelled",""
"2026-06-23T13:48:54.964Z","113106740","XAU/USD","take_profit","buy","0.030","4106.19","cross","cancelled",""
"2026-06-23T13:48:54.964Z","113106741","XAU/USD","stop_loss","buy","0.030","4133.69","cross","cancelled",""
"2026-06-23T13:48:54.964Z","113106952","XAU/USD","take_profit","buy","0.030","4092.97","cross","cancelled",""
"2026-06-23T10:42:01.389Z","113008864","XAU/USD","market","sell","0.030","4126.36","cross","filled",""
"2026-06-23T06:36:06.521Z","112813366","USD/CAD","stop_loss","buy","0.500","1.42","cross","filled","-20.35"
"2026-06-23T06:36:06.418Z","112812282","USD/CAD","stop_loss","buy","0.500","1.42","cross","cancelled",""
"2026-06-23T06:36:06.418Z","112812841","USD/CAD","take_profit","buy","0.499","1.42","cross","cancelled",""
"2026-06-23T06:36:06.418Z","112812842","USD/CAD","stop_loss","buy","0.500","1.42","cross","cancelled",""
"2026-06-23T06:36:06.418Z","112813365","USD/CAD","take_profit","buy","0.499","1.41","cross","cancelled",""
"2026-06-23T06:20:08.522Z","112811816","USD/CAD","market","sell","0.500","1.42","cross","filled",""
"2026-06-19T07:43:32.258Z","110808250","BTC/USD","market","buy","0.099977","62476.46","cross","filled","-0.13"
"2026-06-19T07:43:32.238Z","110807323","BTC/USD","stop_loss","buy","0.099977","62679.50","cross","cancelled",""
"2026-06-19T07:43:32.238Z","110807667","BTC/USD","take_profit","buy","0.099977","61469.89","cross","cancelled",""
"2026-06-19T07:43:32.238Z","110807668","BTC/USD","stop_loss","buy","0.099977","62679.50","cross","cancelled",""
"2026-06-19T07:42:09.468Z","110807193","BTC/USD","market","sell","0.099977","62475.15","cross","filled",""
"2026-06-17T16:22:48.013Z","109261271","XAU/USD","stop_loss","buy","0.050","4366.04","cross","filled","-19.98"
"2026-06-17T16:22:47.429Z","109242469","XAU/USD","stop_loss","buy","0.050","4366.04","cross","cancelled",""
"2026-06-17T16:22:47.429Z","109243751","XAU/USD","take_profit","buy","0.050","4349.90","cross","cancelled",""
"2026-06-17T16:22:47.429Z","109243752","XAU/USD","stop_loss","buy","0.050","4366.04","cross","cancelled",""
"2026-06-17T16:22:47.429Z","109260893","XAU/USD","take_profit","buy","0.050","4360.96","cross","cancelled",""
"2026-06-17T16:22:47.429Z","109260894","XAU/USD","stop_loss","buy","0.050","4366.04","cross","cancelled",""
"2026-06-17T16:22:47.429Z","109261270","XAU/USD","take_profit","buy","0.050","4349.98","cross","cancelled",""
"2026-06-17T16:05:33.752Z","109240868","XAU/USD","market","sell","0.050","4362.04","cross","filled",""
"2026-06-17T14:07:36.487Z","109098115","XAU/USD","stop_loss","buy","0.030","4345.58","cross","filled","-17.79"
"2026-06-17T14:07:35.662Z","109096984","XAU/USD","stop_loss","buy","0.030","4345.58","cross","cancelled",""
"2026-06-17T14:07:35.662Z","109098114","XAU/USD","take_profit","buy","0.030","4319.97","cross","cancelled",""
"2026-06-17T13:59:54.991Z","109096751","XAU/USD","market","sell","0.030","4339.65","cross","filled",""
"2026-06-17T12:36:49.946Z","108982178","XAU/USD","stop_loss","buy","0.050","4331.23","cross","filled","0.38"
"2026-06-17T12:36:49.687Z","108928809","XAU/USD","stop_loss","buy","0.050","4334.93","cross","cancelled",""
"2026-06-17T12:36:49.687Z","108928951","XAU/USD","stop_loss","buy","0.050","4335.22","cross","cancelled",""
"2026-06-17T12:36:49.687Z","108929130","XAU/USD","take_profit","buy","0.050","4319.06","cross","cancelled",""
"2026-06-17T12:36:49.687Z","108929131","XAU/USD","stop_loss","buy","0.050","4335.22","cross","cancelled",""
"2026-06-17T12:36:49.687Z","108932319","XAU/USD","take_profit","buy","0.050","4311.21","cross","cancelled",""
"2026-06-17T12:36:49.687Z","108932320","XAU/USD","stop_loss","buy","0.050","4335.22","cross","cancelled",""
"2026-06-17T12:36:49.687Z","108932537","XAU/USD","take_profit","buy","0.050","4319.07","cross","cancelled",""
"2026-06-17T12:36:49.687Z","108932538","XAU/USD","stop_loss","buy","0.050","4335.22","cross","cancelled",""
"2026-06-17T12:36:49.687Z","108932769","XAU/USD","take_profit","buy","0.050","4319.03","cross","cancelled",""
"2026-06-17T12:36:49.687Z","108932770","XAU/USD","stop_loss","buy","0.050","4335.22","cross","cancelled",""
"2026-06-17T12:36:49.687Z","108976274","XAU/USD","take_profit","buy","0.050","4319.07","cross","cancelled",""
"2026-06-17T12:36:49.687Z","108976275","XAU/USD","stop_loss","buy","0.050","4335.22","cross","cancelled",""
"2026-06-17T12:36:49.687Z","108981578","XAU/USD","take_profit","buy","0.050","4319.07","cross","cancelled",""
"2026-06-17T12:36:49.687Z","108981579","XAU/USD","stop_loss","buy","0.050","4325.18","cross","cancelled",""
"2026-06-17T12:36:49.687Z","108982121","XAU/USD","take_profit","buy","0.050","4319.16","cross","cancelled",""
"2026-06-17T12:36:49.687Z","108982122","XAU/USD","stop_loss","buy","0.050","4325.18","cross","cancelled",""
"2026-06-17T12:36:49.687Z","108982177","XAU/USD","take_profit","buy","0.050","4319.16","cross","cancelled",""
"2026-06-17T11:01:03.922Z","108928723","XAU/USD","market","sell","0.050","4331.31","cross","filled",""
"2026-06-17T10:45:11.585Z","108911334","XAU/USD","stop_loss","buy","0.050","4331.46","cross","filled","-16.59"
"2026-06-17T10:45:11.466Z","108883804","XAU/USD","stop_loss","buy","0.050","4332.31","cross","cancelled",""
"2026-06-17T10:45:11.466Z","108884035","XAU/USD","take_profit","buy","0.050","4308.04","cross","cancelled",""
"2026-06-17T10:45:11.466Z","108884036","XAU/USD","stop_loss","buy","0.050","4332.31","cross","cancelled",""
"2026-06-17T10:45:11.466Z","108884394","XAU/USD","take_profit","buy","0.050","4308.04","cross","cancelled",""
"2026-06-17T10:45:11.466Z","108884395","XAU/USD","stop_loss","buy","0.050","4332.46","cross","cancelled",""
"2026-06-17T10:45:11.466Z","108908548","XAU/USD","take_profit","buy","0.050","4308.04","cross","cancelled",""
"2026-06-17T10:45:11.466Z","108908550","XAU/USD","stop_loss","buy","0.050","4331.41","cross","cancelled",""
"2026-06-17T10:45:11.466Z","108911333","XAU/USD","take_profit","buy","0.050","4308.04","cross","cancelled",""
"2026-06-17T09:45:05.174Z","108883662","XAU/USD","market","sell","0.050","4328.14","cross","filled",""
"2026-06-16T07:57:47.874Z","107643345","XAU/USD","stop_loss","buy","0.010","4333.67","cross","filled","-4.92"
"2026-06-16T07:57:47.471Z","107633161","XAU/USD","stop_loss","buy","0.010","4333.67","cross","cancelled",""
"2026-06-16T07:57:47.471Z","107633306","XAU/USD","take_profit","buy","0.010","4306.76","cross","cancelled",""
"2026-06-16T07:57:47.471Z","107633307","XAU/USD","stop_loss","buy","0.010","4333.67","cross","cancelled",""
"2026-06-16T07:57:47.471Z","107633643","XAU/USD","take_profit","buy","0.010","4305.87","cross","cancelled",""
"2026-06-16T07:57:47.471Z","107633644","XAU/USD","stop_loss","buy","0.010","4333.67","cross","cancelled",""
"2026-06-16T07:57:47.471Z","107643344","XAU/USD","take_profit","buy","0.010","4306.04","cross","cancelled",""
"2026-06-16T04:07:07.694Z","107633076","XAU/USD","market","sell","0.010","4328.75","cross","filled",""
"2026-06-15T16:18:21.623Z","107268162","XAU/USD","stop_loss","sell","0.025","4346.10","cross","filled","12.49"
"2026-06-15T16:18:21.471Z","107101387","XAU/USD","stop_loss","sell","0.050","4346.15","cross","cancelled",""
"2026-06-15T16:18:21.471Z","107101625","XAU/USD","take_profit","sell","0.050","4370.52","cross","cancelled",""
"2026-06-15T16:18:21.471Z","107101626","XAU/USD","stop_loss","sell","0.050","4346.15","cross","cancelled",""
"2026-06-15T16:18:21.471Z","107107967","XAU/USD","take_profit","sell","0.050","4390.54","cross","cancelled",""
"2026-06-15T16:18:21.471Z","107107968","XAU/USD","stop_loss","sell","0.050","4346.15","cross","cancelled",""
"2026-06-15T16:18:21.471Z","107108504","XAU/USD","take_profit","sell","0.025","4370.47","cross","cancelled",""
"2026-06-15T16:18:21.471Z","107108505","XAU/USD","stop_loss","sell","0.025","4346.15","cross","cancelled",""
"2026-06-15T16:18:21.471Z","107127409","XAU/USD","take_profit","sell","0.025","4383.91","cross","cancelled",""
"2026-06-15T16:18:21.471Z","107127410","XAU/USD","stop_loss","sell","0.025","4346.15","cross","cancelled",""
"2026-06-15T16:18:21.471Z","107131911","XAU/USD","take_profit","sell","0.025","4404.66","cross","cancelled",""
"2026-06-15T16:18:21.471Z","107131912","XAU/USD","stop_loss","sell","0.025","4346.15","cross","cancelled",""
"2026-06-15T16:18:21.471Z","107132128","XAU/USD","take_profit","sell","0.025","4414.95","cross","cancelled",""
"2026-06-15T16:18:21.471Z","107132129","XAU/USD","stop_loss","sell","0.025","4346.15","cross","cancelled",""
"2026-06-15T16:18:21.471Z","107138905","XAU/USD","take_profit","sell","0.025","4397.36","cross","cancelled",""
"2026-06-15T16:18:21.471Z","107138906","XAU/USD","stop_loss","sell","0.025","4346.15","cross","cancelled",""
"2026-06-15T16:18:21.471Z","107268161","XAU/USD","take_profit","sell","0.025","4397.36","cross","cancelled",""
"2026-06-15T13:33:36.860Z","107126369","XAU/USD","market","sell","0.025","4359.75","cross","filled",""
"2026-06-15T13:14:17.624Z","107101182","XAU/USD","market","buy","0.050","4350.43","cross","filled",""
"2026-06-12T13:36:43.489Z","105790049","XAU/USD","stop_loss","buy","0.050","4204.60","cross","filled","-24.17"
"2026-06-12T13:35:23.469Z","105789005","XAU/USD","market","sell","0.050","4199.77","cross","filled",""
"2026-06-12T13:07:46.577Z","105755692","XAU/USD","stop_loss","buy","0.050","4198.88","cross","filled","0.45"
"2026-06-12T13:07:46.404Z","105724529","XAU/USD","stop_loss","buy","0.050","4203.02","cross","cancelled",""
"2026-06-12T13:07:46.404Z","105725109","XAU/USD","take_profit","buy","0.050","4178.23","cross","cancelled",""
"2026-06-12T13:07:46.404Z","105725110","XAU/USD","stop_loss","buy","0.050","4203.02","cross","cancelled",""
"2026-06-12T13:07:46.404Z","105755691","XAU/USD","take_profit","buy","0.050","4178.23","cross","cancelled",""
"2026-06-12T12:30:12.788Z","105724178","XAU/USD","market","sell","0.050","4198.97","cross","filled",""
"2026-06-12T11:40:09.566Z","105679986","XAU/USD","stop_loss","buy","0.050","4203.08","cross","filled","-20.37"
"2026-06-12T11:40:09.432Z","105679027","XAU/USD","stop_loss","buy","0.050","4203.08","cross","cancelled",""
"2026-06-12T11:40:09.432Z","105679985","XAU/USD","take_profit","buy","0.050","4178.96","cross","cancelled",""
"2026-06-12T11:32:25.768Z","105678637","XAU/USD","market","sell","0.050","4199.01","cross","filled",""
"2026-06-12T08:15:41.304Z","105525080","XAU/USD","market","sell","0.050","4201.58","cross","filled","1.26"
"2026-06-12T08:15:41.257Z","105519302","XAU/USD","stop_loss","sell","0.050","4197.25","cross","cancelled",""
"2026-06-12T08:15:41.257Z","105519472","XAU/USD","take_profit","sell","0.050","4221.38","cross","cancelled",""
"2026-06-12T08:15:41.257Z","105519473","XAU/USD","stop_loss","sell","0.050","4197.25","cross","cancelled",""
"2026-06-12T08:09:18.786Z","105519086","XAU/USD","market","buy","0.050","4201.33","cross","filled",""
"2026-06-12T08:05:18.571Z","105514760","XAU/USD","stop_loss","sell","0.040","4196.14","cross","filled","-18.40"
"2026-06-12T08:05:18.456Z","105514298","XAU/USD","stop_loss","sell","0.040","4196.14","cross","cancelled",""
"2026-06-12T08:05:18.456Z","105514759","XAU/USD","take_profit","sell","0.040","4220.83","cross","cancelled",""
"2026-06-12T08:03:54.450Z","105514094","XAU/USD","market","buy","0.040","4200.74","cross","filled",""
"2026-06-11T11:36:19.788Z","104778256","XAU/USD","market","buy","0.010","4086.17","cross","filled","1.23"
"2026-06-11T11:36:19.768Z","104777717","XAU/USD","stop_loss","buy","0.010","4096.10","cross","cancelled",""
"2026-06-11T11:36:19.768Z","104777887","XAU/USD","take_profit","buy","0.010","4067.52","cross","cancelled",""
"2026-06-11T11:36:19.768Z","104777888","XAU/USD","stop_loss","buy","0.010","4096.10","cross","cancelled",""
"2026-06-11T11:35:30.713Z","104777589","XAU/USD","market","sell","0.010","4087.40","cross","filled",""
"2026-06-10T14:54:54.020Z","104037316","XAU/USD","market","buy","0.020","4138.03","cross","filled","75.82"
"2026-06-10T14:54:53.994Z","103967520","XAU/USD","stop_loss","buy","0.020","4186.36","cross","cancelled",""
"2026-06-10T14:54:53.994Z","103967788","XAU/USD","take_profit","buy","0.020","4125.42","cross","cancelled",""
"2026-06-10T14:54:53.994Z","103967789","XAU/USD","stop_loss","buy","0.020","4186.36","cross","cancelled",""
"2026-06-10T13:55:39.601Z","103967287","XAU/USD","market","sell","0.020","4175.94","cross","filled",""
"2026-06-10T13:34:59.653Z","103937423","XAU/USD","stop_loss","sell","0.010","4143.52","cross","filled","-8.31"
"2026-06-10T13:34:59.512Z","103937165","XAU/USD","stop_loss","sell","0.010","4143.52","cross","cancelled",""
"2026-06-10T13:34:59.512Z","103937422","XAU/USD","take_profit","sell","0.010","4182.12","cross","cancelled",""
"2026-06-10T13:30:12.901Z","103936877","XAU/USD","market","buy","0.010","4151.83","cross","filled",""
"2026-06-01T17:51:01.573Z","96345765","BTC/USD","stop_loss","buy","0.010002","71703.59","cross","filled","-2.32"
"2026-06-01T17:51:01.464Z","96296238","BTC/USD","stop_loss","buy","0.010002","71703.59","cross","cancelled",""
"2026-06-01T17:51:01.464Z","96345764","BTC/USD","take_profit","buy","0.010002","70465.94","cross","cancelled",""
"2026-06-01T14:11:14.697Z","96296120","BTC/USD","market","sell","0.010002","71471.98","cross","filled",""
"2026-05-28T10:09:34.866Z","93719813","XAU/USD","stop_loss","buy","0.030","4399.33","cross","filled","-22.96"
"2026-05-28T10:09:34.756Z","93719367","XAU/USD","stop_loss","buy","0.030","4399.33","cross","cancelled",""
"2026-05-28T10:09:34.756Z","93719562","XAU/USD","take_profit","buy","0.030","4372.88","cross","cancelled",""
"2026-05-28T10:09:34.756Z","93719563","XAU/USD","stop_loss","buy","0.030","4399.33","cross","cancelled",""
"2026-05-28T10:09:34.756Z","93719812","XAU/USD","take_profit","buy","0.030","4358.34","cross","cancelled",""
"2026-05-28T09:35:31.698Z","93719208","XAU/USD","market","sell","0.030","4391.68","cross","filled",""
"2026-05-28T05:30:52.549Z","93423084","XAU/USD","stop_loss","buy","0.010","4382.68","cross","filled","-6.52"
"2026-05-28T05:30:52.448Z","93414098","XAU/USD","stop_loss","buy","0.010","4382.68","cross","cancelled",""
"2026-05-28T05:30:52.448Z","93414348","XAU/USD","take_profit","buy","0.010","4345.92","cross","cancelled",""
"2026-05-28T05:30:52.448Z","93414349","XAU/USD","stop_loss","buy","0.010","4382.68","cross","cancelled",""
"2026-05-28T05:30:52.448Z","93423083","XAU/USD","take_profit","buy","0.010","4335.84","cross","cancelled",""
"2026-05-28T04:15:11.759Z","93413905","XAU/USD","market","sell","0.010","4376.16","cross","filled",""
"2026-05-27T20:15:13.551Z","93208821","XAU/USD","stop_loss","buy","0.020","4456.99","cross","filled","-10.05"
"2026-05-27T20:15:13.443Z","93208566","XAU/USD","stop_loss","buy","0.020","4456.99","cross","cancelled",""
"2026-05-27T20:15:13.443Z","93208626","XAU/USD","take_profit","buy","0.020","4431.63","cross","cancelled",""
"2026-05-27T20:15:13.443Z","93208627","XAU/USD","stop_loss","buy","0.020","4456.99","cross","cancelled",""
"2026-05-27T20:15:13.443Z","93208820","XAU/USD","take_profit","buy","0.020","4436.93","cross","cancelled",""
"2026-05-27T18:37:41.799Z","93208500","XAU/USD","market","sell","0.020","4451.96","cross","filled",""
"2026-05-27T06:08:06.110Z","92482245","XAU/USD","market","buy","0.030","4496.38","cross","filled","46.09"
"2026-05-27T06:08:06.093Z","92400581","XAU/USD","stop_loss","buy","0.030","4517.82","cross","cancelled",""
"2026-05-27T06:08:06.093Z","92400785","XAU/USD","take_profit","buy","0.030","4478.22","cross","cancelled",""
"2026-05-27T06:08:06.093Z","92400786","XAU/USD","stop_loss","buy","0.030","4517.82","cross","cancelled",""
"2026-05-27T04:55:38.979Z","92400232","XAU/USD","market","sell","0.030","4511.75","cross","filled",""
"2026-05-26T11:41:39.619Z","91765674","XAU/USD","market","buy","0.030","4513.15","cross","filled","63.46"
"2026-05-26T11:41:39.597Z","91714981","XAU/USD","stop_loss","buy","0.030","4540.76","cross","cancelled",""
"2026-05-26T11:41:39.597Z","91715284","XAU/USD","take_profit","buy","0.030","4500.70","cross","cancelled",""
"2026-05-26T11:41:39.597Z","91715285","XAU/USD","stop_loss","buy","0.030","4540.76","cross","cancelled",""
"2026-05-26T11:41:39.597Z","91756164","XAU/USD","take_profit","buy","0.030","4500.70","cross","cancelled",""
"2026-05-26T11:41:39.597Z","91756165","XAU/USD","stop_loss","buy","0.030","4534.47","cross","cancelled",""
"2026-05-26T10:56:37.560Z","91714854","XAU/USD","market","sell","0.030","4534.30","cross","filled",""
"2026-05-26T10:50:26.650Z","91550837","XAU/USD","stop_loss","buy","0.010","4539.40","cross","filled","-4.06"
"2026-05-26T10:50:26.512Z","91550055","XAU/USD","stop_loss","buy","0.010","4539.40","cross","cancelled",""
"2026-05-26T10:50:26.512Z","91550836","XAU/USD","take_profit","buy","0.010","4505.33","cross","cancelled",""
"2026-05-26T08:05:55.723Z","91549687","XAU/USD","market","sell","0.010","4535.34","cross","filled",""
"2026-05-22T08:53:01.574Z","89144590","XAU/USD","stop_loss","buy","0.050","4524.37","cross","filled","0.71"
"2026-05-22T08:53:01.450Z","89136885","XAU/USD","stop_loss","buy","0.050","4529.01","cross","cancelled",""
"2026-05-22T08:53:01.450Z","89137013","XAU/USD","take_profit","buy","0.050","4509.09","cross","cancelled",""
"2026-05-22T08:53:01.450Z","89137014","XAU/USD","stop_loss","buy","0.050","4529.01","cross","cancelled",""
"2026-05-22T08:53:01.450Z","89142572","XAU/USD","take_profit","buy","0.050","4509.09","cross","cancelled",""
"2026-05-22T08:53:01.450Z","89142573","XAU/USD","stop_loss","buy","0.050","4524.46","cross","cancelled",""
"2026-05-22T08:53:01.450Z","89144589","XAU/USD","take_profit","buy","0.050","4509.09","cross","cancelled",""
"2026-05-22T08:32:36.238Z","89136807","XAU/USD","market","sell","0.050","4524.51","cross","filled",""
"2026-05-22T08:20:25.660Z","89121942","XAU/USD","stop_loss","buy","0.030","4530.56","cross","filled","-18.97"
"2026-05-22T08:20:25.153Z","89121418","XAU/USD","stop_loss","buy","0.030","4530.56","cross","cancelled",""
"2026-05-22T08:20:25.153Z","89121872","XAU/USD","take_profit","buy","0.030","4492.77","cross","cancelled",""
"2026-05-22T08:20:25.153Z","89121873","XAU/USD","stop_loss","buy","0.030","4530.56","cross","cancelled",""
"2026-05-22T08:20:25.153Z","89121941","XAU/USD","take_profit","buy","0.030","4490.68","cross","cancelled",""
"2026-05-22T08:15:19.505Z","89120035","XAU/USD","market","sell","0.030","4524.24","cross","filled",""
"2026-05-22T00:37:58.726Z","88803242","XAU/USD","market","sell","0.050","4539.85","cross","filled","4.98"
"2026-05-22T00:37:58.709Z","88802787","XAU/USD","stop_loss","sell","0.050","4534.46","cross","cancelled",""
"2026-05-22T00:37:58.709Z","88802945","XAU/USD","take_profit","sell","0.050","4558.91","cross","cancelled",""
"2026-05-22T00:37:58.709Z","88802946","XAU/USD","stop_loss","sell","0.050","4534.46","cross","cancelled",""
"2026-05-22T00:35:58.973Z","88802735","XAU/USD","market","buy","0.050","4538.86","cross","filled",""
"2026-05-21T13:07:35.516Z","88396547","XAU/USD","market","buy","0.020","4509.91","cross","filled","-2.48"
"2026-05-21T13:07:35.491Z","88379658","XAU/USD","stop_loss","buy","0.020","4517.86","cross","cancelled",""
"2026-05-21T13:07:35.491Z","88380429","XAU/USD","take_profit","buy","0.020","4467.13","cross","cancelled",""
"2026-05-21T13:07:35.491Z","88380430","XAU/USD","stop_loss","buy","0.020","4517.86","cross","cancelled",""
"2026-05-21T13:07:35.491Z","88381811","XAU/USD","take_profit","buy","0.020","4458.53","cross","cancelled",""
"2026-05-21T13:07:35.491Z","88381812","XAU/USD","stop_loss","buy","0.020","4517.86","cross","cancelled",""
"2026-05-21T12:55:21.508Z","88379515","XAU/USD","market","sell","0.020","4508.67","cross","filled",""
"2026-05-21T00:52:26.346Z","87695547","XAU/USD","stop_loss","buy","0.030","4546.52","cross","filled","-21.67"
"2026-05-21T00:52:26.258Z","87695117","XAU/USD","stop_loss","buy","0.030","4546.52","cross","cancelled",""
"2026-05-21T00:52:26.258Z","87695448","XAU/USD","take_profit","buy","0.030","4514.42","cross","cancelled",""
"2026-05-21T00:52:26.258Z","87695449","XAU/USD","stop_loss","buy","0.030","4546.52","cross","cancelled",""
"2026-05-21T00:52:26.258Z","87695546","XAU/USD","take_profit","buy","0.030","4505.89","cross","cancelled",""
"2026-05-21T00:25:57.916Z","87695070","XAU/USD","market","sell","0.030","4539.30","cross","filled",""
"2026-05-20T01:36:37.708Z","86668833","XAU/USD","market","buy","0.020","4458.32","cross","filled","66.01"
"2026-05-20T01:36:37.690Z","86660836","XAU/USD","stop_loss","buy","0.020","4500.79","cross","cancelled",""
"2026-05-20T01:36:37.690Z","86661063","XAU/USD","take_profit","buy","0.020","4441.14","cross","cancelled",""
"2026-05-20T01:36:37.690Z","86661064","XAU/USD","stop_loss","buy","0.020","4500.79","cross","cancelled",""
"2026-05-20T01:22:50.482Z","86660724","XAU/USD","market","sell","0.020","4491.32","cross","filled",""
"2026-05-19T13:31:26.274Z","86262334","XAU/USD","take_profit","buy","0.030","4481.22","cross","filled","117.98"
"2026-05-19T13:31:26.163Z","86260395","XAU/USD","stop_loss","buy","0.030","4526.79","cross","cancelled",""
"2026-05-19T13:31:26.163Z","86260743","XAU/USD","take_profit","buy","0.030","4489.39","cross","cancelled",""
"2026-05-19T13:31:26.163Z","86260744","XAU/USD","stop_loss","buy","0.030","4526.79","cross","cancelled",""
"2026-05-19T13:31:26.163Z","86261062","XAU/USD","take_profit","buy","0.030","4487.13","cross","cancelled",""
"2026-05-19T13:31:26.163Z","86261063","XAU/USD","stop_loss","buy","0.030","4526.79","cross","cancelled",""
"2026-05-19T13:31:26.163Z","86262335","XAU/USD","stop_loss","buy","0.030","4526.79","cross","cancelled",""
"2026-05-19T13:17:41.085Z","86259765","XAU/USD","market","sell","0.030","4520.55","cross","filled",""
"2026-05-19T11:44:04.094Z","86143384","XAU/USD","stop_loss","buy","0.030","4542.37","cross","filled","-17.55"
"2026-05-19T11:44:03.982Z","86138845","XAU/USD","stop_loss","buy","0.030","4542.37","cross","cancelled",""
"2026-05-19T11:44:03.982Z","86143383","XAU/USD","take_profit","buy","0.030","4503.01","cross","cancelled",""
"2026-05-19T11:15:09.897Z","86133738","XAU/USD","market","sell","0.030","4536.52","cross","filled",""
"2026-05-19T03:39:48.628Z","85661026","XAU/USD","market","buy","0.020","4554.89","cross","filled","47.99"
"2026-05-19T03:39:48.606Z","85528655","XAU/USD","stop_loss","buy","0.020","4589.27","cross","cancelled",""
"2026-05-19T03:39:48.606Z","85529091","XAU/USD","take_profit","buy","0.020","4568.82","cross","cancelled",""
"2026-05-19T03:39:48.606Z","85529092","XAU/USD","stop_loss","buy","0.020","4589.27","cross","cancelled",""
"2026-05-19T03:39:48.606Z","85529316","XAU/USD","take_profit","buy","0.020","4548.75","cross","cancelled",""
"2026-05-19T03:39:48.606Z","85529317","XAU/USD","stop_loss","buy","0.020","4589.27","cross","cancelled",""
"2026-05-19T03:39:48.606Z","85531564","XAU/USD","take_profit","buy","0.020","4548.75","cross","cancelled",""
"2026-05-19T03:39:48.606Z","85531565","XAU/USD","stop_loss","buy","0.020","4585.80","cross","cancelled",""
"2026-05-19T03:39:48.606Z","85531837","XAU/USD","take_profit","buy","0.020","4546.86","cross","cancelled",""
"2026-05-19T03:39:48.606Z","85531838","XAU/USD","stop_loss","buy","0.020","4585.80","cross","cancelled",""
"2026-05-19T03:39:48.606Z","85532169","XAU/USD","take_profit","buy","0.020","4528.83","cross","cancelled",""
"2026-05-19T03:39:48.606Z","85532170","XAU/USD","stop_loss","buy","0.020","4585.80","cross","cancelled",""
"2026-05-19T03:39:48.606Z","85538919","XAU/USD","take_profit","buy","0.020","4528.83","cross","cancelled",""
"2026-05-19T03:39:48.606Z","85538920","XAU/USD","stop_loss","buy","0.020","4585.88","cross","cancelled",""
"2026-05-19T00:05:12.104Z","85528495","XAU/USD","market","sell","0.020","4578.89","cross","filled",""
"2026-05-19T00:00:41.753Z","85524747","XAU/USD","stop_loss","buy","0.040","4587.23","cross","filled","-18.12"
"2026-05-19T00:00:41.537Z","85524322","XAU/USD","stop_loss","buy","0.040","4587.23","cross","cancelled",""
"2026-05-19T00:00:41.537Z","85524418","XAU/USD","take_profit","buy","0.040","4562.64","cross","cancelled",""
"2026-05-19T00:00:41.537Z","85524419","XAU/USD","stop_loss","buy","0.040","4587.23","cross","cancelled",""
"2026-05-19T00:00:41.537Z","85524746","XAU/USD","take_profit","buy","0.040","4562.64","cross","cancelled",""
"2026-05-18T23:50:59.537Z","85523836","XAU/USD","market","sell","0.040","4582.70","cross","filled",""
"2026-05-15T05:19:29.314Z","82931036","XAU/USD","market","buy","0.040","4583.01","cross","filled","97.92"
"2026-05-15T05:19:29.291Z","82886146","XAU/USD","stop_loss","buy","0.040","4612.67","cross","cancelled",""
"2026-05-15T05:19:29.291Z","82886818","XAU/USD","stop_loss","buy","0.040","4613.20","cross","cancelled",""
"2026-05-15T05:19:29.291Z","82886938","XAU/USD","stop_loss","buy","0.040","4612.96","cross","cancelled",""
"2026-05-15T05:19:29.291Z","82887363","XAU/USD","take_profit","buy","0.040","4582.23","cross","cancelled",""
"2026-05-15T05:19:29.291Z","82887364","XAU/USD","stop_loss","buy","0.040","4612.96","cross","cancelled",""
"2026-05-15T05:19:29.291Z","82895699","XAU/USD","take_profit","buy","0.040","4546.06","cross","cancelled",""
"2026-05-15T05:19:29.291Z","82895700","XAU/USD","stop_loss","buy","0.040","4612.96","cross","cancelled",""
"2026-05-15T05:19:29.291Z","82897979","XAU/USD","take_profit","buy","0.040","4582.28","cross","cancelled",""
"2026-05-15T05:19:29.291Z","82897980","XAU/USD","stop_loss","buy","0.040","4612.96","cross","cancelled",""
"2026-05-15T05:19:29.291Z","82928755","XAU/USD","take_profit","buy","0.040","4582.28","cross","cancelled",""
"2026-05-15T05:19:29.291Z","82928756","XAU/USD","stop_loss","buy","0.040","4612.60","cross","cancelled",""
"2026-05-15T04:55:21.349Z","82885876","XAU/USD","market","sell","0.040","4607.50","cross","filled",""
"2026-05-15T04:06:01.877Z","82821089","XAU/USD","stop_loss","buy","0.050","4617.68","cross","filled","-18.74"
"2026-05-15T04:06:01.598Z","82820690","XAU/USD","stop_loss","buy","0.050","4617.68","cross","cancelled",""
"2026-05-15T04:06:01.598Z","82820831","XAU/USD","take_profit","buy","0.050","4595.94","cross","cancelled",""
"2026-05-15T04:06:01.598Z","82820832","XAU/USD","stop_loss","buy","0.050","4617.68","cross","cancelled",""
"2026-05-15T04:06:01.598Z","82821088","XAU/USD","take_profit","buy","0.050","4593.77","cross","cancelled",""
"2026-05-15T03:46:14.134Z","82820520","XAU/USD","market","sell","0.050","4613.93","cross","filled",""
"2026-05-14T17:03:28.141Z","82473284","XAU/USD","stop_loss","buy","0.020","4681.72","cross","filled","-5.15"
"2026-05-14T17:03:27.947Z","82446538","XAU/USD","stop_loss","buy","0.020","4687.40","cross","cancelled",""
"2026-05-14T17:03:27.947Z","82447066","XAU/USD","take_profit","buy","0.020","4635.21","cross","cancelled",""
"2026-05-14T17:03:27.947Z","82447067","XAU/USD","stop_loss","buy","0.020","4687.40","cross","cancelled",""
"2026-05-14T17:03:27.947Z","82447279","XAU/USD","take_profit","buy","0.020","4629.01","cross","cancelled",""
"2026-05-14T17:03:27.947Z","82447280","XAU/USD","stop_loss","buy","0.020","4687.40","cross","cancelled",""
"2026-05-14T17:03:27.947Z","82473283","XAU/USD","take_profit","buy","0.020","4629.01","cross","cancelled",""
"2026-05-14T16:05:17.774Z","82446173","XAU/USD","market","sell","0.020","4679.14","cross","filled",""
"2026-05-14T08:02:16.777Z","82010669","BTC/USD","stop_loss","sell","0.070004","79660.15","cross","filled","-16.99"
"2026-05-14T08:02:16.502Z","81995302","BTC/USD","stop_loss","sell","0.070004","79749.17","cross","cancelled",""
"2026-05-14T08:02:16.502Z","81997118","BTC/USD","take_profit","sell","0.070004","80556.10","cross","cancelled",""
"2026-05-14T08:02:16.502Z","81997119","BTC/USD","stop_loss","sell","0.070004","79749.17","cross","cancelled",""
"2026-05-14T08:02:16.502Z","81999523","BTC/USD","take_profit","sell","0.070004","80844.87","cross","cancelled",""
"2026-05-14T08:02:16.502Z","81999524","BTC/USD","stop_loss","sell","0.070004","79749.17","cross","cancelled",""
"2026-05-14T08:02:16.502Z","82010668","BTC/USD","take_profit","sell","0.070004","80844.87","cross","cancelled",""
"2026-05-14T07:35:28.834Z","81995131","BTC/USD","market","buy","0.070004","79902.83","cross","filled",""
"2026-05-13T16:50:51.024Z","81453892","XAU/USD","stop_loss","sell","0.050","4698.80","cross","filled","-5.60"
"2026-05-13T16:50:50.556Z","81435873","XAU/USD","stop_loss","sell","0.050","4694.74","cross","cancelled",""
"2026-05-13T16:50:50.556Z","81436223","XAU/USD","take_profit","sell","0.050","4724.36","cross","cancelled",""
"2026-05-13T16:50:50.556Z","81436224","XAU/USD","stop_loss","sell","0.050","4694.74","cross","cancelled",""
"2026-05-13T16:50:50.556Z","81453891","XAU/USD","take_profit","sell","0.050","4724.36","cross","cancelled",""
"2026-05-13T16:07:54.502Z","81435757","XAU/USD","market","buy","0.050","4699.92","cross","filled",""
"2026-05-13T15:29:32.192Z","81380263","XAU/USD","stop_loss","buy","0.020","4691.09","cross","filled","-9.91"
"2026-05-13T15:29:32.077Z","81234583","XAU/USD","stop_loss","buy","0.020","4694.92","cross","cancelled",""
"2026-05-13T15:29:32.077Z","81235031","XAU/USD","take_profit","buy","0.020","4660.74","cross","cancelled",""
"2026-05-13T15:29:32.077Z","81235032","XAU/USD","stop_loss","buy","0.020","4694.92","cross","cancelled",""
"2026-05-13T15:29:32.077Z","81235663","XAU/USD","take_profit","buy","0.020","4640.36","cross","cancelled",""
"2026-05-13T15:29:32.077Z","81235664","XAU/USD","stop_loss","buy","0.020","4694.92","cross","cancelled",""
"2026-05-13T15:29:32.077Z","81235955","XAU/USD","take_profit","buy","0.020","4636.13","cross","cancelled",""
"2026-05-13T15:29:32.077Z","81235956","XAU/USD","stop_loss","buy","0.020","4694.92","cross","cancelled",""
"2026-05-13T15:29:32.077Z","81380262","XAU/USD","take_profit","buy","0.020","4636.13","cross","cancelled",""
"2026-05-13T13:34:01.497Z","81234380","XAU/USD","market","sell","0.020","4686.14","cross","filled",""
"2026-05-13T05:17:05.270Z","80656294","XAU/USD","stop_loss","sell","0.060","4703.54","cross","filled","-18.91"
"2026-05-13T05:17:05.187Z","80655895","XAU/USD","stop_loss","sell","0.060","4703.60","cross","cancelled",""
"2026-05-13T05:17:05.187Z","80656069","XAU/USD","take_profit","sell","0.060","4723.88","cross","cancelled",""
"2026-05-13T05:17:05.187Z","80656070","XAU/USD","stop_loss","sell","0.060","4703.60","cross","cancelled",""
"2026-05-13T05:17:05.187Z","80656293","XAU/USD","take_profit","sell","0.060","4723.88","cross","cancelled",""
"2026-05-13T05:12:03.179Z","80655666","XAU/USD","market","buy","0.060","4706.69","cross","filled",""
"2026-05-12T16:56:11.634Z","80277633","XAU/USD","stop_loss","buy","0.030","4673.48","cross","filled","-19.15"
"2026-05-12T16:56:11.453Z","80277319","XAU/USD","stop_loss","buy","0.030","4673.48","cross","cancelled",""
"2026-05-12T16:56:11.453Z","80277632","XAU/USD","take_profit","buy","0.030","4633.47","cross","cancelled",""
"2026-05-12T16:27:02.508Z","80277136","XAU/USD","market","sell","0.030","4667.10","cross","filled",""
"2026-05-12T14:31:49.462Z","80138529","XAU/USD","market","buy","0.010","4679.64","cross","filled","38.07"
"2026-05-12T14:31:49.435Z","79453075","XAU/USD","stop_loss","buy","0.010","4735.02","cross","cancelled",""
"2026-05-12T14:31:49.435Z","79453540","XAU/USD","take_profit","buy","0.010","4679.52","cross","cancelled",""
"2026-05-12T14:31:49.435Z","79453541","XAU/USD","stop_loss","buy","0.010","4735.02","cross","cancelled",""
"2026-05-12T14:31:49.435Z","79454105","XAU/USD","take_profit","buy","0.010","4679.52","cross","cancelled",""
"2026-05-12T14:31:49.435Z","79454106","XAU/USD","stop_loss","buy","0.010","4727.31","cross","cancelled",""
"2026-05-12T14:31:49.435Z","79454626","XAU/USD","take_profit","buy","0.010","4679.52","cross","cancelled",""
"2026-05-12T14:31:49.435Z","79454627","XAU/USD","stop_loss","buy","0.010","4730.89","cross","cancelled",""
"2026-05-12T14:31:49.435Z","79455353","XAU/USD","take_profit","buy","0.010","4678.43","cross","cancelled",""
"2026-05-12T14:31:49.435Z","79455354","XAU/USD","stop_loss","buy","0.010","4730.89","cross","cancelled",""
"2026-05-12T14:31:49.435Z","79455599","XAU/USD","take_profit","buy","0.010","4647.94","cross","cancelled",""
"2026-05-12T14:31:49.435Z","79455600","XAU/USD","stop_loss","buy","0.010","4730.89","cross","cancelled",""
"2026-05-12T14:31:49.435Z","79679625","XAU/USD","take_profit","buy","0.010","4647.94","cross","cancelled",""
"2026-05-12T14:31:49.435Z","79679626","XAU/USD","stop_loss","buy","0.010","4723.56","cross","cancelled",""
"2026-05-12T14:31:49.435Z","79911376","XAU/USD","take_profit","buy","0.010","4647.94","cross","cancelled",""
"2026-05-12T14:31:49.435Z","79911377","XAU/USD","stop_loss","buy","0.010","4717.48","cross","cancelled",""
"2026-05-12T14:31:49.435Z","80039196","XAU/USD","take_profit","buy","0.010","4647.56","cross","cancelled",""
"2026-05-12T14:31:49.435Z","80039197","XAU/USD","stop_loss","buy","0.010","4717.48","cross","cancelled",""
"2026-05-12T14:31:49.435Z","80039382","XAU/USD","take_profit","buy","0.010","4647.56","cross","cancelled",""
"2026-05-12T14:31:49.435Z","80039383","XAU/USD","stop_loss","buy","0.010","4712.23","cross","cancelled",""
"2026-05-12T14:31:49.435Z","80137223","XAU/USD","take_profit","buy","0.010","4647.56","cross","cancelled",""
"2026-05-12T14:31:49.435Z","80137224","XAU/USD","stop_loss","buy","0.010","4696.79","cross","cancelled",""
"2026-05-12T04:52:49.954Z","79452720","XAU/USD","market","sell","0.010","4717.71","cross","filled",""
"2026-05-08T17:28:14.523Z","77317071","XAU/USD","stop_loss","buy","0.020","4721.70","cross","filled","-14.65"
"2026-05-08T17:28:14.397Z","77291157","XAU/USD","stop_loss","buy","0.020","4726.72","cross","cancelled",""
"2026-05-08T17:28:14.397Z","77291544","XAU/USD","take_profit","buy","0.020","4663.96","cross","cancelled",""
"2026-05-08T17:28:14.397Z","77291545","XAU/USD","stop_loss","buy","0.020","4726.72","cross","cancelled",""
"2026-05-08T17:28:14.397Z","77317070","XAU/USD","take_profit","buy","0.020","4663.96","cross","cancelled",""
"2026-05-08T14:53:32.372Z","77290765","XAU/USD","market","sell","0.020","4714.37","cross","filled",""
"2026-05-08T09:51:41.626Z","76956957","BTC/USD","market","buy","0.110001","79842.40","cross","filled","2.98"
"2026-05-08T09:51:41.604Z","76939766","BTC/USD","stop_loss","buy","0.110001","80060.32","cross","cancelled",""
"2026-05-08T09:51:41.604Z","76940534","BTC/USD","take_profit","buy","0.110001","79483.51","cross","cancelled",""
"2026-05-08T09:51:41.604Z","76940535","BTC/USD","stop_loss","buy","0.110001","80060.32","cross","cancelled",""
"2026-05-08T09:33:55.927Z","76939381","BTC/USD","market","sell","0.110001","79869.51","cross","filled",""
"2026-05-08T08:16:05.838Z","76842893","XAU/USD","stop_loss","buy","0.030","4714.20","cross","filled","-20.39"
"2026-05-08T08:16:05.687Z","76842805","XAU/USD","stop_loss","buy","0.030","4714.20","cross","cancelled",""
"2026-05-08T08:16:05.687Z","76842892","XAU/USD","take_profit","buy","0.030","4686.86","cross","cancelled",""
"2026-05-08T07:58:02.460Z","76842687","XAU/USD","market","sell","0.030","4707.40","cross","filled",""
"2026-05-08T05:29:08.293Z","76601254","XAU/USD","stop_loss","buy","0.040","4718.78","cross","filled","-20.07"
"2026-05-08T05:29:07.855Z","76600592","XAU/USD","stop_loss","buy","0.040","4718.78","cross","cancelled",""
"2026-05-08T05:29:07.855Z","76601253","XAU/USD","take_profit","buy","0.040","4698.15","cross","cancelled",""
"2026-05-08T04:35:56.876Z","76600357","XAU/USD","market","sell","0.040","4713.76","cross","filled",""
"2026-05-07T17:27:15.820Z","76310393","XAU/USD","market","buy","0.020","4692.00","cross","filled","42.31"
"2026-05-07T17:27:15.797Z","76263446","XAU/USD","stop_loss","buy","0.020","4721.18","cross","cancelled",""
"2026-05-07T17:27:15.797Z","76263869","XAU/USD","take_profit","buy","0.020","4683.05","cross","cancelled",""
"2026-05-07T17:27:15.797Z","76263870","XAU/USD","stop_loss","buy","0.020","4721.18","cross","cancelled",""
"2026-05-07T17:27:15.797Z","76272382","XAU/USD","take_profit","buy","0.020","4683.05","cross","cancelled",""
"2026-05-07T17:27:15.797Z","76272383","XAU/USD","stop_loss","buy","0.020","4723.33","cross","cancelled",""
"2026-05-07T17:27:15.797Z","76299899","XAU/USD","take_profit","buy","0.020","4683.05","cross","cancelled",""
"2026-05-07T17:27:15.797Z","76299900","XAU/USD","stop_loss","buy","0.020","4720.46","cross","cancelled",""
"2026-05-07T17:27:15.797Z","76304894","XAU/USD","take_profit","buy","0.020","4683.05","cross","cancelled",""
"2026-05-07T17:27:15.797Z","76304895","XAU/USD","stop_loss","buy","0.020","4721.26","cross","cancelled",""
"2026-05-07T16:40:40.305Z","76263287","XAU/USD","market","sell","0.020","4713.16","cross","filled",""
"2026-05-07T13:13:56.688Z","75966896","XAU/USD","stop_loss","sell","0.010","4733.18","cross","filled","-3.26"
"2026-05-07T13:13:56.531Z","75706852","XAU/USD","stop_loss","sell","0.010","4721.88","cross","cancelled",""
"2026-05-07T13:13:56.531Z","75706989","XAU/USD","take_profit","sell","0.010","4787.18","cross","cancelled",""
"2026-05-07T13:13:56.531Z","75706990","XAU/USD","stop_loss","sell","0.010","4721.88","cross","cancelled",""
"2026-05-07T13:13:56.531Z","75712593","XAU/USD","take_profit","sell","0.010","4836.72","cross","cancelled",""
"2026-05-07T13:13:56.531Z","75712594","XAU/USD","stop_loss","sell","0.010","4721.88","cross","cancelled",""
"2026-05-07T13:13:56.531Z","75713303","XAU/USD","take_profit","sell","0.010","4786.54","cross","cancelled",""
"2026-05-07T13:13:56.531Z","75713304","XAU/USD","stop_loss","sell","0.010","4721.88","cross","cancelled",""
"2026-05-07T13:13:56.531Z","75763137","XAU/USD","take_profit","sell","0.010","4786.54","cross","cancelled",""
"2026-05-07T13:13:56.531Z","75763139","XAU/USD","stop_loss","sell","0.010","4726.32","cross","cancelled",""
"2026-05-07T13:13:56.531Z","75949959","XAU/USD","take_profit","sell","0.010","4786.54","cross","cancelled",""
"2026-05-07T13:13:56.531Z","75949960","XAU/USD","stop_loss","sell","0.010","4733.21","cross","cancelled",""
"2026-05-07T13:13:56.531Z","75966895","XAU/USD","take_profit","sell","0.010","4786.54","cross","cancelled",""
"2026-05-07T09:19:29.744Z","75706726","XAU/USD","market","buy","0.010","4736.44","cross","filled",""
"2026-05-06T07:28:13.558Z","74343156","XAU/USD","stop_loss","buy","0.020","4668.99","cross","filled","-20.13"
"2026-05-06T07:28:13.420Z","74342810","XAU/USD","stop_loss","buy","0.020","4668.99","cross","cancelled",""
"2026-05-06T07:28:13.420Z","74343154","XAU/USD","take_profit","buy","0.020","4608.56","cross","cancelled",""
"2026-05-06T07:17:38.017Z","74342580","XAU/USD","market","sell","0.020","4658.93","cross","filled",""
"2026-05-06T06:26:43.700Z","74254012","XAU/USD","stop_loss","buy","0.030","4665.81","cross","filled","-16.89"
"2026-05-06T06:26:43.576Z","74253519","XAU/USD","stop_loss","buy","0.030","4665.81","cross","cancelled",""
"2026-05-06T06:26:43.576Z","74254011","XAU/USD","take_profit","buy","0.030","4626.36","cross","cancelled",""
"2026-05-06T06:04:53.152Z","74253113","XAU/USD","market","sell","0.030","4660.18","cross","filled",""
"2026-05-05T22:55:22.017Z","73906444","XAU/USD","stop_loss","buy","0.060","4562.80","cross","filled","0.14"
"2026-05-05T22:55:21.743Z","73871685","XAU/USD","stop_loss","buy","0.060","4565.83","cross","cancelled",""
"2026-05-05T22:55:21.743Z","73875936","XAU/USD","take_profit","buy","0.060","4547.94","cross","cancelled",""
"2026-05-05T22:55:21.743Z","73875937","XAU/USD","stop_loss","buy","0.060","4565.83","cross","cancelled",""
"2026-05-05T22:55:21.743Z","73876039","XAU/USD","take_profit","buy","0.060","4530.17","cross","cancelled",""
"2026-05-05T22:55:21.743Z","73876040","XAU/USD","stop_loss","buy","0.060","4565.83","cross","cancelled",""
"2026-05-05T22:55:21.743Z","73876227","XAU/USD","take_profit","buy","0.060","4521.05","cross","cancelled",""
"2026-05-05T22:55:21.743Z","73876228","XAU/USD","stop_loss","buy","0.060","4565.83","cross","cancelled",""
"2026-05-05T22:55:21.743Z","73903337","XAU/USD","take_profit","buy","0.060","4521.05","cross","cancelled",""
"2026-05-05T22:55:21.743Z","73903338","XAU/USD","stop_loss","buy","0.060","4562.80","cross","cancelled",""
"2026-05-05T22:55:21.743Z","73906443","XAU/USD","take_profit","buy","0.060","4544.93","cross","cancelled",""
"2026-05-05T18:19:59.201Z","73871565","XAU/USD","market","sell","0.060","4562.82","cross","filled",""
"2026-05-05T18:14:26.444Z","73840424","XAU/USD","stop_loss","buy","0.050","4562.94","cross","filled","-18.37"
"2026-05-05T18:14:25.720Z","73839260","XAU/USD","stop_loss","buy","0.050","4562.94","cross","cancelled",""
"2026-05-05T18:14:25.720Z","73840423","XAU/USD","take_profit","buy","0.050","4539.24","cross","cancelled",""
"2026-05-05T17:57:26.865Z","73838881","XAU/USD","market","sell","0.050","4559.27","cross","filled",""
"2026-04-30T06:24:56.416Z","69121061","XAU/USD","stop_loss","buy","0.050","4569.98","cross","filled","-20.91"
"2026-04-30T06:24:56.108Z","69111440","XAU/USD","stop_loss","buy","0.050","4569.98","cross","cancelled",""
"2026-04-30T06:24:56.108Z","69111939","XAU/USD","take_profit","buy","0.050","4545.78","cross","cancelled",""
"2026-04-30T06:24:56.108Z","69111940","XAU/USD","stop_loss","buy","0.050","4569.98","cross","cancelled",""
"2026-04-30T06:24:56.108Z","69121060","XAU/USD","take_profit","buy","0.050","4545.78","cross","cancelled",""
"2026-04-30T05:55:05.460Z","69111185","XAU/USD","market","sell","0.050","4565.80","cross","filled",""
"2026-04-29T05:03:24.376Z","67795055","XAU/USD","stop_loss","buy","0.050","4605.75","cross","filled","-17.94"
"2026-04-29T05:03:24.243Z","67794955","XAU/USD","stop_loss","buy","0.050","4605.75","cross","cancelled",""
"2026-04-29T05:03:24.243Z","67795054","XAU/USD","take_profit","buy","0.050","4582.37","cross","cancelled",""
"2026-04-29T04:43:59.832Z","67794879","XAU/USD","market","sell","0.050","4602.16","cross","filled",""
"2026-04-29T04:35:38.786Z","67769002","XAU/USD","stop_loss","buy","0.050","4603.93","cross","filled","-20.10"
"2026-04-29T04:35:38.664Z","67768608","XAU/USD","stop_loss","buy","0.050","4603.93","cross","cancelled",""
"2026-04-29T04:35:38.664Z","67769001","XAU/USD","take_profit","buy","0.050","4578.96","cross","cancelled",""
"2026-04-29T04:16:09.549Z","67768188","XAU/USD","market","sell","0.050","4599.91","cross","filled",""
"2026-04-28T15:49:26.780Z","67391459","XAU/USD","stop_loss","buy","0.020","4582.24","cross","filled","-15.81"
"2026-04-28T15:49:26.572Z","67391134","XAU/USD","stop_loss","buy","0.020","4582.24","cross","cancelled",""
"2026-04-28T15:49:26.572Z","67391458","XAU/USD","take_profit","buy","0.020","4533.58","cross","cancelled",""
"2026-04-28T15:07:20.355Z","67390958","XAU/USD","market","sell","0.020","4574.34","cross","filled",""
"2026-04-28T15:00:32.243Z","67373265","XAU/USD","stop_loss","buy","0.020","4578.66","cross","filled","-19.05"
"2026-04-28T15:00:31.850Z","67350929","XAU/USD","stop_loss","buy","0.020","4578.66","cross","cancelled",""
"2026-04-28T15:00:31.850Z","67351242","XAU/USD","take_profit","buy","0.020","4539.07","cross","cancelled",""
"2026-04-28T15:00:31.850Z","67351243","XAU/USD","stop_loss","buy","0.020","4578.66","cross","cancelled",""
"2026-04-28T15:00:31.850Z","67372848","XAU/USD","take_profit","buy","0.020","4539.07","cross","cancelled",""
"2026-04-28T15:00:31.850Z","67372849","XAU/USD","stop_loss","buy","0.020","4567.93","cross","cancelled",""
"2026-04-28T15:00:31.850Z","67373264","XAU/USD","take_profit","buy","0.020","4539.07","cross","cancelled",""
"2026-04-28T14:35:05.561Z","67350455","XAU/USD","market","sell","0.020","4569.14","cross","filled",""
"2026-04-28T14:18:11.451Z","67328014","XAU/USD","stop_loss","buy","0.020","4575.38","cross","filled","-19.63"
"2026-04-28T14:18:11.257Z","67327890","XAU/USD","stop_loss","buy","0.020","4575.38","cross","cancelled",""
"2026-04-28T14:18:11.257Z","67328013","XAU/USD","take_profit","buy","0.020","4535.39","cross","cancelled",""
"2026-04-28T14:16:23.118Z","67327611","XAU/USD","market","sell","0.020","4565.56","cross","filled",""
"2026-04-28T08:29:59.437Z","66911001","XAU/USD","stop_loss","buy","0.020","4625.52","cross","filled","-15.13"
"2026-04-28T08:29:59.271Z","66910266","XAU/USD","stop_loss","buy","0.020","4625.52","cross","cancelled",""
"2026-04-28T08:29:59.271Z","66910890","XAU/USD","take_profit","buy","0.020","4568.10","cross","cancelled",""
"2026-04-28T08:29:59.271Z","66910891","XAU/USD","stop_loss","buy","0.020","4625.52","cross","cancelled",""
"2026-04-28T08:29:59.271Z","66911000","XAU/USD","take_profit","buy","0.020","4567.78","cross","cancelled",""
"2026-04-28T08:12:22.740Z","66910110","XAU/USD","market","sell","0.020","4617.95","cross","filled",""
"2026-04-28T04:10:36.259Z","66600699","BTC/USD","stop_loss","buy","0.120000","76849.41","cross","filled","-8.11"
"2026-04-28T04:10:36.057Z","66600444","BTC/USD","stop_loss","buy","0.120000","76849.41","cross","cancelled",""
"2026-04-28T04:10:36.057Z","66600698","BTC/USD","take_profit","buy","0.120000","76572.14","cross","cancelled",""
"2026-04-28T03:40:41.711Z","66600332","BTC/USD","market","sell","0.120000","76781.82","cross","filled",""
"2026-04-27T08:52:31.611Z","65730165","XAU/USD","market","sell","0.020","4710.18","cross","filled","-0.76"
"2026-04-27T08:52:21.656Z","65729982","XAU/USD","market","buy","0.020","4710.56","cross","filled",""
"2026-04-27T07:03:32.024Z","65616839","XAU/USD","stop_loss","buy","0.100","4715.78","cross","filled","-22.92"
"2026-04-27T07:03:31.513Z","65616251","XAU/USD","stop_loss","buy","0.100","4715.78","cross","cancelled",""
"2026-04-27T07:03:31.513Z","65616838","XAU/USD","take_profit","buy","0.100","4703.46","cross","cancelled",""
"2026-04-27T06:55:43.118Z","65616085","XAU/USD","market","sell","0.100","4713.49","cross","filled",""
"2026-04-24T07:45:26.622Z","63945235","XAU/USD","stop_loss","buy","0.040","4687.71","cross","filled","-24.77"
"2026-04-24T07:45:26.453Z","63941607","XAU/USD","stop_loss","buy","0.040","4687.71","cross","cancelled",""
"2026-04-24T07:45:26.453Z","63942210","XAU/USD","take_profit","buy","0.040","4662.57","cross","cancelled",""
"2026-04-24T07:45:26.453Z","63942211","XAU/USD","stop_loss","buy","0.040","4687.71","cross","cancelled",""
"2026-04-24T07:45:26.453Z","63944908","XAU/USD","take_profit","buy","0.040","4656.37","cross","cancelled",""
"2026-04-24T07:45:26.453Z","63944909","XAU/USD","stop_loss","buy","0.040","4687.71","cross","cancelled",""
"2026-04-24T07:45:26.453Z","63945234","XAU/USD","take_profit","buy","0.040","4662.69","cross","cancelled",""
"2026-04-24T05:47:18.510Z","63941327","XAU/USD","market","sell","0.040","4681.52","cross","filled",""
"2026-04-24T05:26:02.969Z","63907801","XAU/USD","stop_loss","buy","0.060","4677.05","cross","filled","-20.63"
"2026-04-24T05:26:02.805Z","63893287","XAU/USD","stop_loss","buy","0.060","4677.03","cross","cancelled",""
"2026-04-24T05:26:02.805Z","63893936","XAU/USD","take_profit","buy","0.060","4656.54","cross","cancelled",""
"2026-04-24T05:26:02.805Z","63893937","XAU/USD","stop_loss","buy","0.060","4677.03","cross","cancelled",""
"2026-04-24T05:26:02.805Z","63902795","XAU/USD","take_profit","buy","0.060","4656.54","cross","cancelled",""
"2026-04-24T05:26:02.805Z","63902796","XAU/USD","stop_loss","buy","0.060","4677.23","cross","cancelled",""
"2026-04-24T05:26:02.805Z","63907800","XAU/USD","take_profit","buy","0.060","4656.54","cross","cancelled",""
"2026-04-24T05:05:40.432Z","63893040","XAU/USD","market","sell","0.060","4673.61","cross","filled",""
"2026-04-24T00:25:23.813Z","63704450","XAU/USD","stop_loss","buy","0.050","4701.09","cross","filled","-21.49"
"2026-04-24T00:25:23.624Z","63704414","XAU/USD","stop_loss","buy","0.050","4701.09","cross","cancelled",""
"2026-04-24T00:25:23.624Z","63704449","XAU/USD","take_profit","buy","0.050","4676.60","cross","cancelled",""
"2026-04-23T23:45:40.551Z","63704408","XAU/USD","market","sell","0.050","4696.79","cross","filled",""
"2026-04-23T14:55:42.188Z","63369571","XAU/USD","stop_loss","buy","0.030","4736.26","cross","filled","-19.18"
"2026-04-23T14:55:41.937Z","63364008","XAU/USD","stop_loss","buy","0.030","4736.26","cross","cancelled",""
"2026-04-23T14:55:41.937Z","63364931","XAU/USD","take_profit","buy","0.030","4709.59","cross","cancelled",""
"2026-04-23T14:55:41.937Z","63364932","XAU/USD","stop_loss","buy","0.030","4736.26","cross","cancelled",""
"2026-04-23T14:55:41.937Z","63369570","XAU/USD","take_profit","buy","0.030","4709.59","cross","cancelled",""
"2026-04-23T14:36:10.804Z","63363868","XAU/USD","market","sell","0.030","4729.87","cross","filled",""
"2026-04-23T02:12:31.165Z","62551468","XAU/USD","market","buy","0.030","4711.87","cross","filled","106.69"
"2026-04-23T02:12:31.126Z","62511175","XAU/USD","stop_loss","buy","0.030","4753.04","cross","cancelled",""
"2026-04-23T02:12:31.126Z","62511663","XAU/USD","take_profit","buy","0.030","4703.11","cross","cancelled",""
"2026-04-23T02:12:31.126Z","62511664","XAU/USD","stop_loss","buy","0.030","4753.04","cross","cancelled",""
"2026-04-23T02:12:31.126Z","62513289","XAU/USD","take_profit","buy","0.030","4694.00","cross","cancelled",""
"2026-04-23T02:12:31.126Z","62513290","XAU/USD","stop_loss","buy","0.030","4753.04","cross","cancelled",""
"2026-04-23T00:55:27.102Z","62511101","XAU/USD","market","sell","0.030","4747.44","cross","filled",""
"2026-04-22T18:45:41.329Z","62364759","XAU/USD","stop_loss","buy","0.050","4739.67","cross","filled","-21.50"
"2026-04-22T18:45:41.031Z","62331755","XAU/USD","stop_loss","buy","0.050","4739.66","cross","cancelled",""
"2026-04-22T18:45:41.031Z","62332007","XAU/USD","take_profit","buy","0.050","4722.09","cross","cancelled",""
"2026-04-22T18:45:41.031Z","62332008","XAU/USD","stop_loss","buy","0.050","4739.66","cross","cancelled",""
"2026-04-22T18:45:41.031Z","62364758","XAU/USD","take_profit","buy","0.050","4722.09","cross","cancelled",""
"2026-04-22T17:14:36.759Z","62331600","XAU/USD","market","sell","0.050","4735.37","cross","filled",""
"2026-04-22T12:13:41.915Z","61479522","BTC/USD","stop_loss","buy","0.049996","78473.14","cross","filled","-27.99"
"2026-04-22T12:13:41.466Z","61479070","BTC/USD","stop_loss","buy","0.049996","78473.14","cross","cancelled",""
"2026-04-22T12:13:41.466Z","61479521","BTC/USD","take_profit","buy","0.049996","76093.25","cross","cancelled",""
"2026-04-22T08:01:57.453Z","61635615","BTC/USD","stop_loss","buy","0.069998","78130.08","cross","filled",""
"2026-04-22T08:01:57.311Z","61635480","BTC/USD","stop_loss","buy","0.069998","78130.08","cross","cancelled",""
"2026-04-22T08:01:57.311Z","61635614","BTC/USD","take_profit","buy","0.069998","77561.03","cross","cancelled",""
"2026-04-22T07:55:11.524Z","61635361","BTC/USD","market","sell","0.069998","77995.72","cross","filled",""
"2026-04-22T05:37:14.591Z","61478949","BTC/USD","market","sell","0.049996","78101.31","cross","filled",""
"2026-04-21T12:45:48.140Z","60679827","XAU/USD","market","buy","0.100","4779.49","cross","filled","-0.98"
"2026-04-21T12:45:48.107Z","60679547","XAU/USD","stop_loss","buy","0.100","4790.50","cross","cancelled",""
"2026-04-21T12:45:24.724Z","60679227","XAU/USD","market","sell","0.100","4779.39","cross","filled",""
"2026-04-21T12:44:20.499Z","60676119","XAU/USD","stop_loss","sell","0.010","4777.20","cross","filled","-5.65"
"2026-04-21T12:44:20.251Z","60675037","XAU/USD","stop_loss","sell","0.010","4777.20","cross","cancelled",""
"2026-04-21T12:44:20.251Z","60676118","XAU/USD","take_profit","sell","0.010","4812.97","cross","cancelled",""
"2026-04-21T12:42:33.377Z","60674833","XAU/USD","market","buy","0.010","4782.85","cross","filled",""
"2026-04-21T10:44:31.806Z","60533622","BTC/USD","stop_loss","buy","0.119971","76593.82","cross","filled","-8.45"
"2026-04-21T10:44:31.640Z","60533489","BTC/USD","stop_loss","buy","0.119971","76593.82","cross","cancelled",""
"2026-04-21T10:44:31.640Z","60533621","BTC/USD","take_profit","buy","0.119971","76271.17","cross","cancelled",""
"2026-04-21T10:30:31.366Z","60533347","BTC/USD","market","sell","0.119971","76523.43","cross","filled",""
"2026-04-21T04:52:12.889Z","60131109","BTC/USD","stop_loss","buy","0.119992","75788.55","cross","filled","-10.77"
"2026-04-21T04:52:12.748Z","60118256","BTC/USD","stop_loss","buy","0.119992","75788.55","cross","cancelled",""
"2026-04-21T04:52:12.748Z","60119037","BTC/USD","take_profit","buy","0.119992","75280.20","cross","cancelled",""
"2026-04-21T04:52:12.748Z","60119038","BTC/USD","stop_loss","buy","0.119992","75788.55","cross","cancelled",""
"2026-04-21T04:52:12.748Z","60131108","BTC/USD","take_profit","buy","0.119992","74865.40","cross","cancelled",""
"2026-04-21T04:05:40.377Z","60118147","BTC/USD","market","sell","0.119992","75698.76","cross","filled",""
"2026-04-20T14:55:37.222Z","59690716","BTC/USD","stop_loss","sell","0.059996","74983.09","cross","filled","-19.41"
"2026-04-20T14:55:37.016Z","59606042","BTC/USD","stop_loss","sell","0.059996","74992.51","cross","cancelled",""
"2026-04-20T14:55:37.016Z","59606364","BTC/USD","take_profit","sell","0.059996","76615.85","cross","cancelled",""
"2026-04-20T14:55:37.016Z","59606365","BTC/USD","stop_loss","sell","0.059996","74992.51","cross","cancelled",""
"2026-04-20T14:55:37.016Z","59606621","BTC/USD","take_profit","sell","0.059996","76978.81","cross","cancelled",""
"2026-04-20T14:55:37.016Z","59606622","BTC/USD","stop_loss","sell","0.059996","74992.51","cross","cancelled",""
"2026-04-20T14:55:37.016Z","59690715","BTC/USD","take_profit","sell","0.059996","76978.81","cross","cancelled",""
"2026-04-20T14:00:03.894Z","59605861","BTC/USD","market","buy","0.059996","75306.66","cross","filled",""
"2026-04-20T08:14:17.959Z","59214996","BTC/USD","stop_loss","buy","0.099983","74877.38","cross","filled","-18.82"
"2026-04-20T08:14:17.805Z","59214525","BTC/USD","stop_loss","buy","0.099983","74877.38","cross","cancelled",""
"2026-04-20T08:14:17.805Z","59214841","BTC/USD","take_profit","buy","0.099983","73869.44","cross","cancelled",""
"2026-04-20T08:14:17.805Z","59214842","BTC/USD","stop_loss","buy","0.099983","74877.38","cross","cancelled",""
"2026-04-20T08:14:17.805Z","59214995","BTC/USD","take_profit","buy","0.099983","73685.58","cross","cancelled",""
"2026-04-20T08:05:10.723Z","59214395","BTC/USD","market","sell","0.099983","74689.19","cross","filled",""
"2026-04-20T06:30:27.825Z","59075794","BTC/USD","stop_loss","buy","0.119988","74464.84","cross","filled","-10.97"
"2026-04-20T06:30:27.650Z","59075677","BTC/USD","stop_loss","buy","0.119988","74464.84","cross","cancelled",""
"2026-04-20T06:30:27.650Z","59075793","BTC/USD","take_profit","buy","0.119988","73955.08","cross","cancelled",""
"2026-04-20T06:10:46.913Z","59075577","BTC/USD","market","sell","0.119988","74373.43","cross","filled",""
"2026-04-19T11:48:22.807Z","58515401","BTC/USD","stop_loss","buy","0.129993","75569.95","cross","filled","-19.75"
"2026-04-19T11:48:22.343Z","58515029","BTC/USD","stop_loss","buy","0.129993","75573.14","cross","cancelled",""
"2026-04-19T11:48:22.343Z","58515128","BTC/USD","take_profit","buy","0.129993","75025.77","cross","cancelled",""
"2026-04-19T11:48:22.343Z","58515129","BTC/USD","stop_loss","buy","0.129993","75573.14","cross","cancelled",""
"2026-04-19T11:48:22.343Z","58515226","BTC/USD","take_profit","buy","0.129993","75025.77","cross","cancelled",""
"2026-04-19T11:48:22.343Z","58515227","BTC/USD","stop_loss","buy","0.129993","75569.95","cross","cancelled",""
"2026-04-19T11:48:22.343Z","58515400","BTC/USD","take_profit","buy","0.129993","74951.32","cross","cancelled",""
"2026-04-19T11:24:26.380Z","58514976","BTC/USD","market","sell","0.129993","75418.04","cross","filled",""
"2026-04-19T09:48:43.802Z","58491470","BTC/USD","market","buy","0.129973","75000.39","cross","filled","31.86"
"2026-04-19T09:48:43.778Z","58467575","BTC/USD","stop_loss","buy","0.129973","75329.07","cross","cancelled",""
"2026-04-19T09:48:43.778Z","58467639","BTC/USD","take_profit","buy","0.129973","74855.45","cross","cancelled",""
"2026-04-19T09:48:43.778Z","58467640","BTC/USD","stop_loss","buy","0.129973","75329.07","cross","cancelled",""
"2026-04-19T09:48:43.778Z","58486256","BTC/USD","take_profit","buy","0.129973","74857.49","cross","cancelled",""
"2026-04-19T09:48:43.778Z","58486257","BTC/USD","stop_loss","buy","0.129973","75329.07","cross","cancelled",""
"2026-04-19T08:20:25.925Z","58467519","BTC/USD","market","sell","0.129973","75245.55","cross","filled",""
"2026-04-19T08:16:57.247Z","58463404","BTC/USD","stop_loss","buy","0.119993","75321.26","cross","filled","-13.55"
"2026-04-19T08:16:57.052Z","58463355","BTC/USD","stop_loss","buy","0.119993","75321.26","cross","cancelled",""
"2026-04-19T08:16:57.052Z","58463403","BTC/USD","take_profit","buy","0.119993","74790.48","cross","cancelled",""
"2026-04-19T08:05:51.479Z","58463279","BTC/USD","market","buy","0.009999","75230.40","cross","filled",""
"2026-04-19T08:05:51.452Z","58463086","BTC/USD","stop_loss","buy","0.009999","75319.78","cross","cancelled",""
"2026-04-19T08:05:51.452Z","58463220","BTC/USD","take_profit","buy","0.009999","74925.70","cross","cancelled",""
"2026-04-19T08:05:51.452Z","58463221","BTC/USD","stop_loss","buy","0.009999","75319.78","cross","cancelled",""
"2026-04-19T08:05:31.998Z","58463169","BTC/USD","market","sell","0.119993","75209.80","cross","filled",""
"2026-04-19T08:05:11.439Z","58463038","BTC/USD","market","sell","0.009999","75212.60","cross","filled",""
"2026-04-18T09:00:51.578Z","58156294","BTC/USD","market","buy","0.109974","76724.47","cross","filled","1.51"
"2026-04-18T09:00:51.553Z","58156137","BTC/USD","stop_loss","buy","0.109974","76814.35","cross","cancelled",""
"2026-04-18T09:00:51.553Z","58156239","BTC/USD","take_profit","buy","0.109974","76505.86","cross","cancelled",""
"2026-04-18T09:00:51.553Z","58156240","BTC/USD","stop_loss","buy","0.109974","76814.35","cross","cancelled",""
"2026-04-18T09:00:04.434Z","58156096","BTC/USD","market","sell","0.109974","76738.24","cross","filled",""
"2026-04-18T07:41:16.109Z","58127431","BTC/USD","market","buy","0.119991","77039.59","cross","filled","21.39"
"2026-04-18T07:41:16.064Z","58096929","BTC/USD","stop_loss","buy","0.119991","77284.18","cross","cancelled",""
"2026-04-18T07:41:16.064Z","58097275","BTC/USD","take_profit","buy","0.119991","76967.34","cross","cancelled",""
"2026-04-18T07:41:16.064Z","58097276","BTC/USD","stop_loss","buy","0.119991","77284.18","cross","cancelled",""
"2026-04-18T05:15:12.595Z","58096879","BTC/USD","market","sell","0.119991","77217.83","cross","filled",""
"2026-04-16T16:44:34.610Z","56643950","XAU/USD","market","buy","0.030","4790.16","cross","filled","44.40"
"2026-04-16T16:44:34.558Z","56540119","XAU/USD","stop_loss","buy","0.030","4813.45","cross","cancelled",""
"2026-04-16T16:44:34.558Z","56540788","XAU/USD","take_profit","buy","0.030","4779.69","cross","cancelled",""
"2026-04-16T16:44:34.558Z","56540789","XAU/USD","stop_loss","buy","0.030","4813.45","cross","cancelled",""
"2026-04-16T15:21:06.394Z","56539965","XAU/USD","market","sell","0.030","4804.96","cross","filled",""
"2026-04-15T11:15:49.073Z","54932250","ETH/USD","market","buy","3.569237","2325.95","cross","filled","-9.69"
"2026-04-15T11:15:49.044Z","54788388","ETH/USD","take_profit","buy","3.569237","2307.18","cross","cancelled",""
"2026-04-15T11:15:49.044Z","54788389","ETH/USD","stop_loss","buy","3.569237","2330.90","cross","cancelled",""
"2026-04-15T11:15:49.044Z","54791437","ETH/USD","take_profit","buy","3.569237","2302.51","cross","cancelled",""
"2026-04-15T11:15:49.044Z","54791438","ETH/USD","stop_loss","buy","3.569237","2330.90","cross","cancelled",""
"2026-04-15T11:15:49.044Z","54866722","ETH/USD","take_profit","buy","3.569237","2302.62","cross","cancelled",""
"2026-04-15T11:15:49.044Z","54866723","ETH/USD","stop_loss","buy","3.569237","2330.90","cross","cancelled",""
"2026-04-15T11:15:49.044Z","54929894","ETH/USD","take_profit","buy","3.569237","2302.58","cross","cancelled",""
"2026-04-15T11:15:49.044Z","54929895","ETH/USD","stop_loss","buy","3.569237","2330.90","cross","cancelled",""
"2026-04-15T11:13:40.886Z","54791121","ETH/USD","stop_loss","buy","0.279978","2330.72","cross","filled",""
"2026-04-15T11:13:40.717Z","54786002","ETH/USD","stop_loss","buy","0.279978","2330.72","cross","cancelled",""
"2026-04-15T11:13:40.717Z","54787282","ETH/USD","take_profit","buy","0.279978","2307.18","cross","cancelled",""
"2026-04-15T11:13:40.717Z","54787283","ETH/USD","stop_loss","buy","0.279978","2330.72","cross","cancelled",""
"2026-04-15T11:13:40.717Z","54790971","ETH/USD","take_profit","buy","0.279978","2293.85","cross","cancelled",""
"2026-04-15T11:13:40.717Z","54790972","ETH/USD","stop_loss","buy","0.279978","2330.72","cross","cancelled",""
"2026-04-15T11:13:40.717Z","54791120","ETH/USD","take_profit","buy","0.279978","2287.44","cross","cancelled",""
"2026-04-15T09:10:43.292Z","54786868","ETH/USD","market","sell","3.569237","2323.79","cross","filled",""
"2026-04-15T09:09:57.570Z","54785675","ETH/USD","market","sell","0.279978","2323.62","cross","filled",""
"2026-04-14T10:39:08.608Z","53544558","XAU/USD","take_profit","buy","0.030","4757.88","cross","filled","75.13"
"2026-04-14T10:39:08.371Z","53494369","XAU/USD","stop_loss","buy","0.030","4790.10","cross","cancelled",""
"2026-04-14T10:39:08.371Z","53494528","XAU/USD","stop_loss","buy","0.030","4790.25","cross","cancelled",""
"2026-04-14T10:39:08.371Z","53494677","XAU/USD","take_profit","buy","0.030","4762.77","cross","cancelled",""
"2026-04-14T10:39:08.371Z","53494678","XAU/USD","stop_loss","buy","0.030","4790.25","cross","cancelled",""
"2026-04-14T10:39:08.371Z","53544559","XAU/USD","stop_loss","buy","0.030","4790.25","cross","cancelled",""
"2026-04-14T08:50:54.280Z","53494173","XAU/USD","market","sell","0.030","4782.93","cross","filled",""
"2026-04-14T08:34:10.421Z","53399075","BTC/USD","stop_loss","buy","0.109985","74835.61","cross","filled","-23.92"
"2026-04-14T08:34:10.261Z","53396402","BTC/USD","stop_loss","buy","0.109985","74835.61","cross","cancelled",""
"2026-04-14T08:34:10.261Z","53399074","BTC/USD","take_profit","buy","0.109985","73930.57","cross","cancelled",""
"2026-04-14T07:32:55.308Z","53396214","BTC/USD","market","sell","0.109985","74618.15","cross","filled",""
"2026-04-13T22:00:25.803Z","52854557","XAU/USD","stop_loss","buy","0.030","4750.17","cross","filled","-21.88"
"2026-04-13T22:00:25.538Z","52842194","XAU/USD","stop_loss","buy","0.030","4750.17","cross","cancelled",""
"2026-04-13T22:00:25.538Z","52842300","XAU/USD","take_profit","buy","0.030","4724.58","cross","cancelled",""
"2026-04-13T22:00:25.538Z","52842301","XAU/USD","stop_loss","buy","0.030","4750.17","cross","cancelled",""
"2026-04-13T22:00:25.538Z","52842557","XAU/USD","take_profit","buy","0.030","4717.88","cross","cancelled",""
"2026-04-13T22:00:25.538Z","52842558","XAU/USD","stop_loss","buy","0.030","4750.17","cross","cancelled",""
"2026-04-13T22:00:25.538Z","52854556","XAU/USD","take_profit","buy","0.030","4700.20","cross","cancelled",""
"2026-04-13T17:45:28.873Z","52841952","XAU/USD","market","sell","0.030","4742.88","cross","filled",""
"2026-04-13T17:22:28.090Z","52777675","XAU/USD","stop_loss","buy","0.020","4745.45","cross","filled","-19.35"
"2026-04-13T17:22:27.875Z","52773364","XAU/USD","stop_loss","buy","0.020","4745.45","cross","cancelled",""
"2026-04-13T17:22:27.875Z","52773988","XAU/USD","take_profit","buy","0.020","4703.53","cross","cancelled",""
"2026-04-13T17:22:27.875Z","52773989","XAU/USD","stop_loss","buy","0.020","4745.45","cross","cancelled",""
"2026-04-13T17:22:27.875Z","52774047","XAU/USD","take_profit","buy","0.020","4705.41","cross","cancelled",""
"2026-04-13T17:22:27.875Z","52774048","XAU/USD","stop_loss","buy","0.020","4745.45","cross","cancelled",""
"2026-04-13T17:22:27.875Z","52777674","XAU/USD","take_profit","buy","0.020","4700.09","cross","cancelled",""
"2026-04-13T16:54:03.148Z","52773097","XAU/USD","market","sell","0.020","4735.78","cross","filled",""
"2026-04-12T17:28:32.750Z","51437805","BTC/USD","stop_loss","buy","0.010000","71027.87","cross","filled","-11.05"
"2026-04-12T17:28:32.600Z","51437698","BTC/USD","stop_loss","buy","0.010000","71027.87","cross","cancelled",""
"2026-04-12T17:28:32.600Z","51437804","BTC/USD","take_profit","buy","0.010000","70648.70","cross","cancelled",""
"2026-04-12T17:28:27.858Z","51437786","BTC/USD","stop_loss","buy","0.120000","71025.92","cross","filled",""
"2026-04-12T17:28:27.369Z","51437660","BTC/USD","stop_loss","buy","0.120000","71025.92","cross","cancelled",""
"2026-04-12T17:28:27.369Z","51437785","BTC/USD","take_profit","buy","0.120000","70649.67","cross","cancelled",""
"2026-04-12T17:12:25.236Z","51437611","BTC/USD","market","sell","0.120000","70941.46","cross","filled",""
"2026-04-12T17:12:15.828Z","51437552","BTC/USD","market","sell","0.010000","70936.75","cross","filled",""
"2026-04-11T18:20:33.551Z","51118323","BTC/USD","stop_loss","buy","0.119989","73236.20","cross","filled","-22.98"
"2026-04-11T18:20:33.360Z","51100892","BTC/USD","stop_loss","buy","0.119989","73229.08","cross","cancelled",""
"2026-04-11T18:20:33.360Z","51101006","BTC/USD","take_profit","buy","0.119989","72540.38","cross","cancelled",""
"2026-04-11T18:20:33.360Z","51101007","BTC/USD","stop_loss","buy","0.119989","73229.08","cross","cancelled",""
"2026-04-11T18:20:33.360Z","51118288","BTC/USD","take_profit","buy","0.119989","72540.38","cross","cancelled",""
"2026-04-11T18:20:33.360Z","51118289","BTC/USD","stop_loss","buy","0.119989","73194.36","cross","cancelled",""
"2026-04-11T18:20:33.360Z","51118322","BTC/USD","take_profit","buy","0.119989","72540.38","cross","cancelled",""
"2026-04-11T17:01:49.088Z","51100854","BTC/USD","market","sell","0.119989","73044.65","cross","filled",""
"2026-04-10T06:49:55.305Z","49889338","XAU/USD","take_profit","buy","0.040","4745.99","cross","filled","75.63"
"2026-04-10T06:49:54.835Z","49757648","XAU/USD","stop_loss","buy","0.040","4771.30","cross","cancelled",""
"2026-04-10T06:49:54.835Z","49757986","XAU/USD","take_profit","buy","0.040","4746.04","cross","cancelled",""
"2026-04-10T06:49:54.835Z","49757987","XAU/USD","stop_loss","buy","0.040","4771.30","cross","cancelled",""
"2026-04-10T06:49:54.835Z","49846570","XAU/USD","take_profit","buy","0.040","4745.99","cross","cancelled",""
"2026-04-10T06:49:54.835Z","49846571","XAU/USD","stop_loss","buy","0.040","4771.30","cross","cancelled",""
"2026-04-10T06:49:54.835Z","49882878","XAU/USD","take_profit","buy","0.040","4745.99","cross","cancelled",""
"2026-04-10T06:49:54.835Z","49882879","XAU/USD","stop_loss","buy","0.040","4757.90","cross","cancelled",""
"2026-04-10T06:49:54.835Z","49884491","XAU/USD","take_profit","buy","0.040","4745.99","cross","cancelled",""
"2026-04-10T06:49:54.835Z","49884492","XAU/USD","stop_loss","buy","0.040","4757.89","cross","cancelled",""
"2026-04-10T06:49:54.835Z","49886601","XAU/USD","take_profit","buy","0.040","4745.99","cross","cancelled",""
"2026-04-10T06:49:54.835Z","49886602","XAU/USD","stop_loss","buy","0.040","4764.87","cross","cancelled",""
"2026-04-10T06:49:54.835Z","49888920","XAU/USD","take_profit","buy","0.040","4745.99","cross","cancelled",""
"2026-04-10T06:49:54.835Z","49888921","XAU/USD","stop_loss","buy","0.040","4757.83","cross","cancelled",""
"2026-04-10T06:49:54.835Z","49889339","XAU/USD","stop_loss","buy","0.040","4771.15","cross","cancelled",""
"2026-04-10T04:30:13.100Z","49757369","XAU/USD","market","sell","0.040","4764.90","cross","filled",""
"2026-04-10T04:18:24.094Z","49741529","XAU/USD","stop_loss","buy","0.040","4769.83","cross","filled","-16.43"
"2026-04-10T04:18:23.806Z","49739230","XAU/USD","stop_loss","buy","0.040","4770.05","cross","cancelled",""
"2026-04-10T04:18:23.806Z","49739474","XAU/USD","stop_loss","buy","0.040","4768.38","cross","cancelled",""
"2026-04-10T04:18:23.806Z","49739810","XAU/USD","take_profit","buy","0.040","4752.29","cross","cancelled",""
"2026-04-10T04:18:23.806Z","49739811","XAU/USD","stop_loss","buy","0.040","4768.38","cross","cancelled",""
"2026-04-10T04:18:23.806Z","49741528","XAU/USD","take_profit","buy","0.040","4752.29","cross","cancelled",""
"2026-04-10T04:08:13.069Z","49739145","XAU/USD","market","sell","0.040","4765.72","cross","filled",""
"2026-04-10T04:08:03.403Z","49739008","XAU/USD","market","sell","0.040","4765.59","cross","filled","-2.00"
"2026-04-10T04:07:59.018Z","49738943","XAU/USD","market","buy","0.040","4766.09","cross","filled",""
"2026-04-09T17:19:32.931Z","49346559","XAU/USD","stop_loss","buy","0.040","4797.88","cross","filled","-21.78"
"2026-04-09T17:19:32.420Z","49329404","XAU/USD","stop_loss","buy","0.040","4797.88","cross","cancelled",""
"2026-04-09T17:19:32.420Z","49329612","XAU/USD","take_profit","buy","0.040","4777.33","cross","cancelled",""
"2026-04-09T17:19:32.420Z","49329613","XAU/USD","stop_loss","buy","0.040","4797.88","cross","cancelled",""
"2026-04-09T17:19:32.420Z","49346558","XAU/USD","take_profit","buy","0.040","4770.77","cross","cancelled",""
"2026-04-09T16:12:27.801Z","49329166","XAU/USD","market","sell","0.040","4792.44","cross","filled",""
"2026-04-08T17:22:17.885Z","48038642","XAU/USD","market","buy","0.050","4751.74","cross","filled","42.36"
"2026-04-08T17:22:17.836Z","48008491","XAU/USD","stop_loss","buy","0.050","4765.72","cross","cancelled",""
"2026-04-08T17:22:17.836Z","48008965","XAU/USD","take_profit","buy","0.050","4743.62","cross","cancelled",""
"2026-04-08T17:22:17.836Z","48008966","XAU/USD","stop_loss","buy","0.050","4765.72","cross","cancelled",""
"2026-04-08T17:22:17.836Z","48032534","XAU/USD","take_profit","buy","0.050","4743.62","cross","cancelled",""
"2026-04-08T17:22:17.836Z","48032535","XAU/USD","stop_loss","buy","0.050","4762.98","cross","cancelled",""
"2026-04-08T16:57:56.733Z","48008312","XAU/USD","market","sell","0.050","4760.22","cross","filled",""
"2026-04-08T14:48:40.800Z","47846600","XAU/USD","market","buy","0.020","4752.84","cross","filled","41.16"
"2026-04-08T14:48:40.761Z","47792814","XAU/USD","stop_loss","buy","0.020","4786.33","cross","cancelled",""
"2026-04-08T14:48:40.761Z","47793685","XAU/USD","take_profit","buy","0.020","4748.19","cross","cancelled",""
"2026-04-08T14:48:40.761Z","47793686","XAU/USD","stop_loss","buy","0.020","4786.33","cross","cancelled",""
"2026-04-08T14:48:40.761Z","47803168","XAU/USD","take_profit","buy","0.020","4723.34","cross","cancelled",""
"2026-04-08T14:48:40.761Z","47803169","XAU/USD","stop_loss","buy","0.020","4786.33","cross","cancelled",""
"2026-04-08T14:48:40.761Z","47804117","XAU/USD","take_profit","buy","0.020","4723.34","cross","cancelled",""
"2026-04-08T14:48:40.761Z","47804118","XAU/USD","stop_loss","buy","0.020","4786.20","cross","cancelled",""
"2026-04-08T14:48:40.761Z","47804365","XAU/USD","take_profit","buy","0.020","4748.19","cross","cancelled",""
"2026-04-08T14:48:40.761Z","47804366","XAU/USD","stop_loss","buy","0.020","4786.20","cross","cancelled",""
"2026-04-08T14:48:40.761Z","47814360","XAU/USD","take_profit","buy","0.020","4735.89","cross","cancelled",""
"2026-04-08T14:48:40.761Z","47814361","XAU/USD","stop_loss","buy","0.020","4786.20","cross","cancelled",""
"2026-04-08T14:48:40.761Z","47832821","XAU/USD","take_profit","buy","0.020","4735.89","cross","cancelled",""
"2026-04-08T14:48:40.761Z","47832822","XAU/USD","stop_loss","buy","0.020","4786.33","cross","cancelled",""
"2026-04-08T14:48:40.761Z","47833342","XAU/USD","take_profit","buy","0.020","4735.89","cross","cancelled",""
"2026-04-08T14:48:40.761Z","47833343","XAU/USD","stop_loss","buy","0.020","4786.33","cross","cancelled",""
"2026-04-08T14:48:40.761Z","47837659","XAU/USD","take_profit","buy","0.020","4735.89","cross","cancelled",""
"2026-04-08T14:48:40.761Z","47837660","XAU/USD","stop_loss","buy","0.020","4770.95","cross","cancelled",""
"2026-04-08T14:20:04.299Z","47792407","XAU/USD","market","sell","0.020","4773.42","cross","filled",""
"2026-04-08T13:30:30.093Z","47707693","XAU/USD","stop_loss","sell","0.020","4789.71","cross","filled","-16.35"
"2026-04-08T13:30:29.522Z","47707370","XAU/USD","stop_loss","sell","0.020","4789.71","cross","cancelled",""
"2026-04-08T13:30:29.522Z","47707692","XAU/USD","take_profit","sell","0.020","4823.60","cross","cancelled",""
"2026-04-08T13:26:18.828Z","47707249","XAU/USD","market","buy","0.020","4797.88","cross","filled",""
"2026-04-08T13:25:38.895Z","47706315","XAU/USD","market","buy","0.020","4797.41","cross","filled","0.19"
"2026-04-08T13:25:38.840Z","47706199","XAU/USD","stop_loss","buy","0.020","4799.37","cross","cancelled",""
"2026-04-08T13:25:07.963Z","47705331","XAU/USD","market","sell","0.020","4797.51","cross","filled",""
"2026-04-08T08:42:51.682Z","47345147","XAU/USD","market","buy","0.010","4793.54","cross","filled","19.73"
"2026-04-08T08:42:51.647Z","47296499","XAU/USD","stop_loss","buy","0.010","4820.98","cross","cancelled",""
"2026-04-08T08:42:51.647Z","47297331","XAU/USD","take_profit","buy","0.010","4783.06","cross","cancelled",""
"2026-04-08T08:42:51.647Z","47297332","XAU/USD","stop_loss","buy","0.010","4820.98","cross","cancelled",""
"2026-04-08T08:42:51.647Z","47333711","XAU/USD","take_profit","buy","0.010","4783.06","cross","cancelled",""
"2026-04-08T08:42:51.647Z","47333712","XAU/USD","stop_loss","buy","0.010","4809.87","cross","cancelled",""
"2026-04-08T08:00:19.487Z","47296268","XAU/USD","market","sell","0.010","4813.28","cross","filled",""
"2026-04-07T16:03:06.113Z","46487631","XAU/USD","stop_loss","buy","0.010","4661.87","cross","filled","-8.88"
"2026-04-07T16:03:05.723Z","46457370","XAU/USD","stop_loss","buy","0.010","4661.87","cross","cancelled",""
"2026-04-07T16:03:05.723Z","46457766","XAU/USD","take_profit","buy","0.010","4624.58","cross","cancelled",""
"2026-04-07T16:03:05.723Z","46457767","XAU/USD","stop_loss","buy","0.010","4661.87","cross","cancelled",""
"2026-04-07T16:03:05.723Z","46487630","XAU/USD","take_profit","buy","0.010","4602.03","cross","cancelled",""
"2026-04-07T14:42:09.533Z","46457177","XAU/USD","market","sell","0.010","4652.99","cross","filled",""
"2026-04-07T10:50:34.550Z","46116807","BTC/USD","stop_loss","sell","0.140004","68391.13","cross","filled","-8.95"
"2026-04-07T10:47:46.611Z","46116663","BTC/USD","market","buy","0.140004","68455.07","cross","filled",""
"2026-04-07T05:25:10.978Z","45696493","XAU/USD","market","buy","0.050","4647.05","cross","filled","61.82"
"2026-04-07T05:25:10.948Z","45664704","XAU/USD","stop_loss","buy","0.050","4663.77","cross","cancelled",""
"2026-04-07T05:25:10.948Z","45665129","XAU/USD","take_profit","buy","0.050","4639.41","cross","cancelled",""
"2026-04-07T05:25:10.948Z","45665130","XAU/USD","stop_loss","buy","0.050","4663.77","cross","cancelled",""
"2026-04-07T05:25:10.948Z","45691763","XAU/USD","take_profit","buy","0.050","4639.41","cross","cancelled",""
"2026-04-07T05:25:10.948Z","45691764","XAU/USD","stop_loss","buy","0.050","4663.84","cross","cancelled",""
"2026-04-07T05:25:10.948Z","45695164","XAU/USD","take_profit","buy","0.050","4639.41","cross","cancelled",""
"2026-04-07T05:25:10.948Z","45695165","XAU/USD","stop_loss","buy","0.050","4658.10","cross","cancelled",""
"2026-04-07T05:02:55.111Z","45664542","XAU/USD","market","sell","0.050","4659.41","cross","filled",""
"2026-04-07T04:18:30.389Z","45614765","XAU/USD","market","sell","0.050","4647.89","cross","filled","7.56"
"2026-04-07T04:18:13.641Z","45614382","XAU/USD","market","buy","0.050","4646.38","cross","filled",""
"2026-04-07T00:00:25.347Z","45442221","XAU/USD","stop_loss","sell","0.040","4655.07","cross","filled","-18.81"
"2026-04-07T00:00:25.011Z","45442174","XAU/USD","stop_loss","sell","0.040","4655.07","cross","cancelled",""
"2026-04-07T00:00:25.011Z","45442220","XAU/USD","take_profit","sell","0.040","4674.82","cross","cancelled",""
"2026-04-06T23:54:58.523Z","45442121","XAU/USD","market","buy","0.040","4659.77","cross","filled",""
"2026-04-06T23:40:23.611Z","45438496","XAU/USD","stop_loss","buy","0.050","4655.84","cross","filled","-15.81"
"2026-04-06T23:40:23.407Z","45438407","XAU/USD","stop_loss","buy","0.050","4655.84","cross","cancelled",""
"2026-04-06T23:40:23.407Z","45438495","XAU/USD","take_profit","buy","0.050","4642.60","cross","cancelled",""
"2026-04-06T23:35:37.864Z","45438371","XAU/USD","market","sell","0.050","4652.68","cross","filled",""
"2026-04-06T16:25:36.584Z","45227826","XAU/USD","market","sell","0.030","4669.02","cross","filled","0.26"
"2026-04-06T16:25:36.537Z","45194497","XAU/USD","stop_loss","sell","0.030","4662.39","cross","cancelled",""
"2026-04-06T16:25:36.537Z","45195522","XAU/USD","take_profit","sell","0.030","4689.03","cross","cancelled",""
"2026-04-06T16:25:36.537Z","45195523","XAU/USD","stop_loss","sell","0.030","4662.39","cross","cancelled",""
"2026-04-06T16:00:14.973Z","45194071","XAU/USD","market","buy","0.030","4668.94","cross","filled",""
"2026-04-06T15:33:08.143Z","45150834","XAU/USD","market","sell","0.030","4667.71","cross","filled","4.54"
"2026-04-06T15:33:08.077Z","45132806","XAU/USD","stop_loss","sell","0.030","4655.39","cross","cancelled",""
"2026-04-06T15:33:08.077Z","45135367","XAU/USD","take_profit","sell","0.030","4706.96","cross","cancelled",""
"2026-04-06T15:33:08.077Z","45135368","XAU/USD","stop_loss","sell","0.030","4655.39","cross","cancelled",""
"2026-04-06T15:21:34.622Z","45132585","XAU/USD","market","buy","0.030","4666.19","cross","filled",""
"2026-04-06T15:04:20.960Z","45071623","XAU/USD","stop_loss","sell","0.020","4670.58","cross","filled","-30.03"
"2026-04-06T15:04:20.631Z","45044111","XAU/USD","stop_loss","sell","0.020","4670.58","cross","cancelled",""
"2026-04-06T15:04:20.631Z","45044378","XAU/USD","take_profit","sell","0.020","4735.80","cross","cancelled",""
"2026-04-06T15:04:20.631Z","45044379","XAU/USD","stop_loss","sell","0.020","4670.58","cross","cancelled",""
"2026-04-06T15:04:20.631Z","45046053","XAU/USD","take_profit","sell","0.020","4802.52","cross","cancelled",""
"2026-04-06T15:04:20.631Z","45046055","XAU/USD","stop_loss","sell","0.020","4670.58","cross","cancelled",""
"2026-04-06T15:04:20.631Z","45071622","XAU/USD","take_profit","sell","0.020","4730.79","cross","cancelled",""
"2026-04-06T14:25:47.120Z","45043820","XAU/USD","market","buy","0.020","4685.60","cross","filled",""
"2026-04-06T06:04:25.031Z","44375623","XAU/USD","market","buy","0.010","4651.04","cross","filled","24.72"
"2026-04-06T06:04:25.007Z","44312240","XAU/USD","stop_loss","buy","0.010","4678.73","cross","cancelled",""
"2026-04-06T06:04:25.007Z","44313189","XAU/USD","take_profit","buy","0.010","4640.99","cross","cancelled",""
"2026-04-06T06:04:25.007Z","44313190","XAU/USD","stop_loss","buy","0.010","4678.73","cross","cancelled",""
"2026-04-06T06:04:25.007Z","44317946","XAU/USD","take_profit","buy","0.010","4608.52","cross","cancelled",""
"2026-04-06T06:04:25.007Z","44317947","XAU/USD","stop_loss","buy","0.010","4678.73","cross","cancelled",""
"2026-04-06T06:04:25.007Z","44318033","XAU/USD","take_profit","buy","0.010","4600.30","cross","cancelled",""
"2026-04-06T06:04:25.007Z","44318034","XAU/USD","stop_loss","buy","0.010","4678.73","cross","cancelled",""
"2026-04-06T05:21:18.488Z","44312091","XAU/USD","market","sell","0.010","4675.76","cross","filled",""
"2026-04-05T19:18:59.215Z","43930390","BTC/USD","stop_loss","buy","0.139999","67444.49","cross","filled","-11.97"
"2026-04-05T19:18:59.029Z","43930296","BTC/USD","stop_loss","buy","0.139999","67439.61","cross","cancelled",""
"2026-04-05T19:18:59.029Z","43930329","BTC/USD","stop_loss","buy","0.139999","67444.49","cross","cancelled",""
"2026-04-05T19:18:59.029Z","43930354","BTC/USD","take_profit","buy","0.139999","66819.01","cross","cancelled",""
"2026-04-05T19:18:59.029Z","43930355","BTC/USD","stop_loss","buy","0.139999","67444.49","cross","cancelled",""
"2026-04-05T19:18:59.029Z","43930389","BTC/USD","take_profit","buy","0.139999","66637.43","cross","cancelled",""
"2026-04-05T19:04:21.498Z","43930261","BTC/USD","market","sell","0.139999","67359.02","cross","filled",""
"2026-04-05T17:22:14.293Z","43904046","BTC/USD","stop_loss","sell","0.140000","67165.28","cross","filled","-15.01"
"2026-04-05T17:22:14.092Z","43902890","BTC/USD","stop_loss","sell","0.140000","67165.28","cross","cancelled",""
"2026-04-05T17:22:14.092Z","43903026","BTC/USD","take_profit","sell","0.140000","67487.49","cross","cancelled",""
"2026-04-05T17:22:14.092Z","43903027","BTC/USD","stop_loss","sell","0.140000","67165.28","cross","cancelled",""
"2026-04-05T17:22:14.092Z","43904045","BTC/USD","take_profit","sell","0.140000","67846.43","cross","cancelled",""
"2026-04-05T17:10:45.701Z","43902821","BTC/USD","market","buy","0.140000","67272.51","cross","filled",""
"2026-04-03T12:30:07.500Z","43160632","BTC/USD","stop_loss","buy","0.119991","67224.90","cross","filled","-27.79"
"2026-04-03T12:30:07.045Z","43091761","BTC/USD","stop_loss","buy","0.119991","67224.90","cross","cancelled",""
"2026-04-03T12:30:07.045Z","43091940","BTC/USD","take_profit","buy","0.119991","66142.04","cross","cancelled",""
"2026-04-03T12:30:07.045Z","43091941","BTC/USD","stop_loss","buy","0.119991","67224.90","cross","cancelled",""
"2026-04-03T12:30:07.045Z","43099211","BTC/USD","take_profit","buy","0.119991","65740.06","cross","cancelled",""
"2026-04-03T12:30:07.045Z","43099212","BTC/USD","stop_loss","buy","0.119991","67224.90","cross","cancelled",""
"2026-04-03T12:30:07.045Z","43100785","BTC/USD","take_profit","buy","0.119991","66155.51","cross","cancelled",""
"2026-04-03T12:30:07.045Z","43100786","BTC/USD","stop_loss","buy","0.119991","67224.90","cross","cancelled",""
"2026-04-03T12:30:07.045Z","43160631","BTC/USD","take_profit","buy","0.119991","66156.14","cross","cancelled",""
"2026-04-03T08:40:51.283Z","43091664","BTC/USD","market","sell","0.119991","66993.26","cross","filled",""
"2026-04-02T01:04:24.540Z","41541206","XAU/USD","stop_loss","sell","0.010","4742.29","cross","filled","-3.12"
"2026-04-02T01:04:24.304Z","41137723","XAU/USD","stop_loss","sell","0.010","4724.71","cross","cancelled",""
"2026-04-02T01:04:24.304Z","41181376","XAU/USD","take_profit","sell","0.010","4805.86","cross","cancelled",""
"2026-04-02T01:04:24.304Z","41181377","XAU/USD","stop_loss","sell","0.010","4724.71","cross","cancelled",""
"2026-04-02T01:04:24.304Z","41414918","XAU/USD","take_profit","sell","0.010","4805.86","cross","cancelled",""
"2026-04-02T01:04:24.304Z","41414919","XAU/USD","stop_loss","sell","0.010","4773.21","cross","cancelled",""
"2026-04-02T01:04:24.304Z","41415136","XAU/USD","take_profit","sell","0.010","4805.86","cross","cancelled",""
"2026-04-02T01:04:24.304Z","41415137","XAU/USD","stop_loss","sell","0.010","4773.74","cross","cancelled",""
"2026-04-02T01:04:24.304Z","41415914","XAU/USD","take_profit","sell","0.010","4805.86","cross","cancelled",""
"2026-04-02T01:04:24.304Z","41415915","XAU/USD","stop_loss","sell","0.010","4746.03","cross","cancelled",""
"2026-04-02T01:04:24.304Z","41449696","XAU/USD","take_profit","sell","0.010","4805.86","cross","cancelled",""
"2026-04-02T01:04:24.304Z","41449697","XAU/USD","stop_loss","sell","0.010","4724.35","cross","cancelled",""
"2026-04-02T01:04:24.304Z","41489889","XAU/USD","take_profit","sell","0.010","4805.86","cross","cancelled",""
"2026-04-02T01:04:24.304Z","41489890","XAU/USD","stop_loss","sell","0.010","4724.60","cross","cancelled",""
"2026-04-02T01:04:24.304Z","41493407","XAU/USD","take_profit","sell","0.010","4805.86","cross","cancelled",""
"2026-04-02T01:04:24.304Z","41493408","XAU/USD","stop_loss","sell","0.010","4742.29","cross","cancelled",""
"2026-04-02T01:04:24.304Z","41532496","XAU/USD","take_profit","sell","0.010","4825.56","cross","cancelled",""
"2026-04-02T01:04:24.304Z","41532497","XAU/USD","stop_loss","sell","0.010","4742.29","cross","cancelled",""
"2026-04-02T01:04:24.304Z","41541205","XAU/USD","take_profit","sell","0.010","4846.09","cross","cancelled",""
"2026-04-01T14:15:09.032Z","41137346","XAU/USD","market","buy","0.010","4745.41","cross","filled",""
"2026-04-01T12:45:10.660Z","41002366","XAU/USD","stop_loss","buy","0.010","4749.37","cross","filled","-14.37"
"2026-04-01T12:45:10.433Z","41000881","XAU/USD","stop_loss","buy","0.010","4749.37","cross","cancelled",""
"2026-04-01T12:45:10.433Z","41002365","XAU/USD","take_profit","buy","0.010","4690.40","cross","cancelled",""
"2026-04-01T12:39:51.651Z","41000728","XAU/USD","market","sell","0.010","4735.00","cross","filled",""
"2026-04-01T05:25:42.007Z","40002512","BTC/USD","stop_loss","buy","0.029991","68542.69","cross","filled","-18.76"
"2026-04-01T05:25:41.873Z","40002379","BTC/USD","stop_loss","buy","0.029991","68542.69","cross","cancelled",""
"2026-04-01T05:25:41.873Z","40002511","BTC/USD","take_profit","buy","0.029991","65906.64","cross","cancelled",""
"2026-03-31T18:05:53.029Z","40040458","BTC/USD","market","buy","0.010177","67564.23","cross","filled",""
"2026-03-31T18:05:52.984Z","40040385","BTC/USD","stop_loss","buy","0.010177","67729.17","cross","cancelled",""
"2026-03-31T18:05:22.610Z","40039934","BTC/USD","limit","sell","0.010177","67586.25","cross","filled",""
"2026-03-31T17:33:17.147Z","40002212","BTC/USD","market","sell","0.029991","67909.74","cross","filled",""
"2026-03-31T16:16:44.597Z","39903206","XAU/USD","market","buy","0.010","4617.04","cross","filled","-8.09"
"2026-03-31T16:16:44.542Z","39756371","XAU/USD","stop_loss","buy","0.010","4630.60","cross","cancelled",""
"2026-03-31T16:16:44.542Z","39756593","XAU/USD","take_profit","buy","0.010","4529.56","cross","cancelled",""
"2026-03-31T16:16:44.542Z","39756594","XAU/USD","stop_loss","buy","0.010","4630.60","cross","cancelled",""
"2026-03-31T16:16:44.542Z","39842919","XAU/USD","take_profit","buy","0.010","4529.56","cross","cancelled",""
"2026-03-31T16:16:44.542Z","39842920","XAU/USD","stop_loss","buy","0.010","4630.60","cross","cancelled",""
"2026-03-31T14:41:07.940Z","39756091","XAU/USD","market","sell","0.010","4608.95","cross","filled",""
"2026-03-31T11:10:17.427Z","39292818","GBP/USD","stop_loss","sell","0.010","1.32","cross","filled","-0.57"
"2026-03-31T11:10:17.232Z","39150044","GBP/USD","stop_loss","sell","0.010","1.32","cross","cancelled",""
"2026-03-31T11:10:17.232Z","39150658","GBP/USD","take_profit","sell","0.010","1.32","cross","cancelled",""
"2026-03-31T11:10:17.232Z","39150659","GBP/USD","stop_loss","sell","0.010","1.32","cross","cancelled",""
"2026-03-31T11:10:17.232Z","39292817","GBP/USD","take_profit","sell","0.010","1.32","cross","cancelled",""
"2026-03-31T07:21:19.457Z","39149776","GBP/USD","market","buy","0.010","1.32","cross","filled",""
"2026-03-29T22:43:01.935Z","37180249","BTC/USD","take_profit","buy","0.090001","65651.56","cross","filled","101.12"
"2026-03-29T22:43:01.773Z","37022162","BTC/USD","stop_loss","buy","0.090001","66930.79","cross","cancelled",""
"2026-03-29T22:43:01.773Z","37022208","BTC/USD","take_profit","buy","0.090001","66196.44","cross","cancelled",""
"2026-03-29T22:43:01.773Z","37022209","BTC/USD","stop_loss","buy","0.090001","66930.79","cross","cancelled",""
"2026-03-29T22:43:01.773Z","37022239","BTC/USD","take_profit","buy","0.090001","65746.00","cross","cancelled",""
"2026-03-29T22:43:01.773Z","37022240","BTC/USD","stop_loss","buy","0.090001","66930.79","cross","cancelled",""
"2026-03-29T22:43:01.773Z","37022263","BTC/USD","take_profit","buy","0.090001","66089.92","cross","cancelled",""
"2026-03-29T22:43:01.773Z","37022264","BTC/USD","stop_loss","buy","0.090001","66930.79","cross","cancelled",""
"2026-03-29T22:43:01.773Z","37180227","BTC/USD","take_profit","buy","0.090001","66123.93","cross","cancelled",""
"2026-03-29T22:43:01.773Z","37180228","BTC/USD","stop_loss","buy","0.090001","66930.79","cross","cancelled",""
"2026-03-29T22:43:01.773Z","37180230","BTC/USD","take_profit","buy","0.090001","66117.62","cross","cancelled",""
"2026-03-29T22:43:01.773Z","37180231","BTC/USD","stop_loss","buy","0.090001","66930.79","cross","cancelled",""
"2026-03-29T22:43:01.773Z","37180238","BTC/USD","take_profit","buy","0.090001","66049.60","cross","cancelled",""
"2026-03-29T22:43:01.773Z","37180239","BTC/USD","stop_loss","buy","0.090001","66930.79","cross","cancelled",""
"2026-03-29T22:43:01.773Z","37180250","BTC/USD","stop_loss","buy","0.090001","66930.79","cross","cancelled",""
"2026-03-29T11:57:36.473Z","37022066","BTC/USD","market","sell","0.090001","66775.11","cross","filled",""
"2026-03-28T15:20:20.864Z","36682038","BTC/USD","stop_loss","buy","0.050006","67193.27","cross","filled","-20.83"
"2026-03-28T15:20:20.600Z","36681862","BTC/USD","stop_loss","buy","0.050006","67126.87","cross","cancelled",""
"2026-03-28T15:20:20.600Z","36681952","BTC/USD","take_profit","buy","0.050006","65760.94","cross","cancelled",""
"2026-03-28T15:20:20.600Z","36681953","BTC/USD","stop_loss","buy","0.050006","67126.87","cross","cancelled",""
"2026-03-28T15:20:20.600Z","36682037","BTC/USD","take_profit","buy","0.050006","64755.67","cross","cancelled",""
"2026-03-28T14:27:12.420Z","36681693","BTC/USD","market","sell","0.050006","66776.79","cross","filled",""
"2026-03-26T07:32:27.463Z","33610617","BTC/USD","stop_loss","sell","0.070009","69811.02","cross","filled","-18.29"
"2026-03-26T07:32:27.299Z","33610150","BTC/USD","stop_loss","sell","0.070009","69815.70","cross","cancelled",""
"2026-03-26T07:32:27.299Z","33610616","BTC/USD","take_profit","sell","0.070009","70643.89","cross","cancelled",""
"2026-03-26T06:19:09.626Z","33609799","BTC/USD","market","buy","0.070009","70072.26","cross","filled",""
"2026-03-25T17:53:33.391Z","33035600","XAU/USD","stop_loss","sell","0.010","4550.08","cross","filled","-12.38"
"2026-03-25T17:53:33.065Z","33030026","XAU/USD","stop_loss","sell","0.010","4550.43","cross","cancelled",""
"2026-03-25T17:53:33.065Z","33035599","XAU/USD","take_profit","sell","0.010","4600.74","cross","cancelled",""
"2026-03-25T17:35:51.648Z","33029695","XAU/USD","market","buy","0.010","4562.46","cross","filled",""
"2026-03-25T09:48:17.496Z","32151742","XAU/USD","stop_loss","sell","0.010","4534.37","cross","filled","-29.52"
"2026-03-25T09:48:17.267Z","32150564","XAU/USD","stop_loss","sell","0.010","4534.88","cross","cancelled",""
"2026-03-25T09:48:17.267Z","32151318","XAU/USD","take_profit","sell","0.010","4664.70","cross","cancelled",""
"2026-03-25T09:48:17.267Z","32151319","XAU/USD","stop_loss","sell","0.010","4534.88","cross","cancelled",""
"2026-03-25T09:48:17.267Z","32151741","XAU/USD","take_profit","sell","0.010","4654.28","cross","cancelled",""
"2026-03-25T08:16:56.323Z","32150398","XAU/USD","market","buy","0.010","4563.89","cross","filled",""
"2026-03-25T07:48:08.207Z","32053748","XAU/USD","stop_loss","sell","0.010","4542.78","cross","filled","-18.93"
"2026-03-25T07:48:08.007Z","32053278","XAU/USD","stop_loss","sell","0.010","4542.82","cross","cancelled",""
"2026-03-25T07:48:08.007Z","32053528","XAU/USD","take_profit","sell","0.010","4615.54","cross","cancelled",""
"2026-03-25T07:48:08.007Z","32053529","XAU/USD","stop_loss","sell","0.010","4542.82","cross","cancelled",""
"2026-03-25T07:48:08.007Z","32053747","XAU/USD","take_profit","sell","0.010","4662.25","cross","cancelled",""
"2026-03-25T07:18:14.447Z","32052737","XAU/USD","market","buy","0.010","4561.70","cross","filled",""
"2026-03-25T07:14:33.425Z","31993889","XAU/USD","stop_loss","buy","0.020","4558.00","cross","filled","-24.34"
"2026-03-25T07:14:33.267Z","31993288","XAU/USD","stop_loss","buy","0.020","4557.88","cross","cancelled",""
"2026-03-25T07:14:33.267Z","31993887","XAU/USD","take_profit","buy","0.020","4485.93","cross","cancelled",""
"2026-03-25T06:40:22.434Z","31992917","XAU/USD","market","sell","0.020","4545.83","cross","filled",""
"2026-03-25T05:50:54.978Z","31892148","XAU/USD","stop_loss","sell","0.030","4556.73","cross","filled","-30.60"
"2026-03-25T05:50:54.828Z","31891693","XAU/USD","stop_loss","sell","0.030","4556.88","cross","cancelled",""
"2026-03-25T05:50:54.828Z","31892147","XAU/USD","take_profit","sell","0.030","4617.17","cross","cancelled",""
"2026-03-25T05:45:02.180Z","31891513","XAU/USD","market","buy","0.030","4566.93","cross","filled",""
"2026-03-24T15:22:10.027Z","31125093","BTC/USD","stop_loss","buy","0.050003","70155.48","cross","filled","-20.51"
"2026-03-24T15:22:09.782Z","31116879","BTC/USD","stop_loss","buy","0.050003","70142.77","cross","cancelled",""
"2026-03-24T15:22:09.782Z","31117195","BTC/USD","take_profit","buy","0.050003","68543.12","cross","cancelled",""
"2026-03-24T15:22:09.782Z","31117196","BTC/USD","stop_loss","buy","0.050003","70142.77","cross","cancelled",""
"2026-03-24T15:22:09.782Z","31125092","BTC/USD","take_profit","buy","0.050003","68939.23","cross","cancelled",""
"2026-03-24T14:42:57.565Z","31116518","BTC/USD","market","sell","0.050003","69745.25","cross","filled",""
"2026-03-24T14:00:27.459Z","31005402","XAU/USD","stop_loss","buy","0.010","4385.08","cross","filled","-17.21"
"2026-03-24T14:00:19.067Z","31002540","XAU/USD","stop_loss","buy","0.010","4380.75","cross","cancelled",""
"2026-03-24T14:00:19.067Z","31003229","XAU/USD","stop_loss","buy","0.010","4384.81","cross","cancelled",""
"2026-03-24T14:00:19.067Z","31005401","XAU/USD","take_profit","buy","0.010","4317.38","cross","cancelled",""
"2026-03-24T13:30:27.808Z","31001237","XAU/USD","market","sell","0.010","4367.87","cross","filled",""
"2026-03-24T08:02:36.362Z","30538848","XAU/USD","market","sell","0.010","4408.22","cross","filled","-12.95"
"2026-03-24T08:02:35.488Z","30518618","XAU/USD","stop_loss","sell","0.010","4399.61","cross","cancelled",""
"2026-03-24T08:02:35.488Z","30519228","XAU/USD","take_profit","sell","0.010","4481.27","cross","cancelled",""
"2026-03-24T08:02:35.488Z","30519229","XAU/USD","stop_loss","sell","0.010","4399.61","cross","cancelled",""
"2026-03-24T08:02:35.488Z","30519699","XAU/USD","take_profit","sell","0.010","4539.75","cross","cancelled",""
"2026-03-24T08:02:35.488Z","30519700","XAU/USD","stop_loss","sell","0.010","4399.61","cross","cancelled",""
"2026-03-24T08:02:35.488Z","30520366","XAU/USD","take_profit","sell","0.010","4487.36","cross","cancelled",""
"2026-03-24T08:02:35.488Z","30520368","XAU/USD","stop_loss","sell","0.010","4399.61","cross","cancelled",""
"2026-03-24T07:50:42.464Z","30518010","XAU/USD","market","buy","0.010","4421.18","cross","filled",""
"2026-03-24T04:47:33.727Z","30228150","XAU/USD","market","buy","0.020","4347.54","cross","filled","-29.66"
"2026-03-24T04:47:33.679Z","30197525","XAU/USD","stop_loss","buy","0.020","4351.57","cross","cancelled",""
"2026-03-24T04:47:33.679Z","30198032","XAU/USD","take_profit","buy","0.020","4274.36","cross","cancelled",""
"2026-03-24T04:47:33.679Z","30198033","XAU/USD","stop_loss","buy","0.020","4351.57","cross","cancelled",""
"2026-03-24T04:47:33.679Z","30211767","XAU/USD","take_profit","buy","0.020","4274.36","cross","cancelled",""
"2026-03-24T04:47:33.679Z","30211768","XAU/USD","stop_loss","buy","0.020","4357.78","cross","cancelled",""
"2026-03-24T04:47:33.679Z","30212435","XAU/USD","take_profit","buy","0.020","4274.36","cross","cancelled",""
"2026-03-24T04:47:33.679Z","30212436","XAU/USD","stop_loss","buy","0.020","4351.37","cross","cancelled",""
"2026-03-24T04:47:33.679Z","30219750","XAU/USD","take_profit","buy","0.020","4274.36","cross","cancelled",""
"2026-03-24T04:47:33.679Z","30219751","XAU/USD","stop_loss","buy","0.020","4357.83","cross","cancelled",""
"2026-03-24T04:47:33.679Z","30226194","XAU/USD","take_profit","buy","0.020","4274.36","cross","cancelled",""
"2026-03-24T04:47:33.679Z","30226195","XAU/USD","stop_loss","buy","0.020","4357.99","cross","cancelled",""
"2026-03-24T04:47:33.679Z","30228007","XAU/USD","take_profit","buy","0.020","4274.36","cross","cancelled",""
"2026-03-24T04:47:33.679Z","30228008","XAU/USD","stop_loss","buy","0.020","4350.58","cross","cancelled",""
"2026-03-24T04:22:56.049Z","30197363","XAU/USD","market","sell","0.020","4332.71","cross","filled",""
"2026-03-23T18:07:40.854Z","29834831","XAU/USD","stop_loss","sell","0.020","4406.50","cross","filled","-30.21"
"2026-03-23T18:07:40.686Z","29834670","XAU/USD","stop_loss","sell","0.020","4406.79","cross","cancelled",""
"2026-03-23T18:07:40.686Z","29834830","XAU/USD","take_profit","sell","0.020","4471.61","cross","cancelled",""
"2026-03-23T17:54:40.577Z","29834550","XAU/USD","market","buy","0.020","4421.61","cross","filled",""
"2026-03-23T17:08:09.505Z","29766142","XAU/USD","stop_loss","buy","0.020","4390.93","cross","filled","-26.54"
"2026-03-23T17:08:09.184Z","29764318","XAU/USD","stop_loss","buy","0.020","4390.77","cross","cancelled",""
"2026-03-23T17:08:09.184Z","29765299","XAU/USD","take_profit","buy","0.020","4302.08","cross","cancelled",""
"2026-03-23T17:08:09.184Z","29765300","XAU/USD","stop_loss","buy","0.020","4390.77","cross","cancelled",""
"2026-03-23T17:08:09.184Z","29766141","XAU/USD","take_profit","buy","0.020","4311.74","cross","cancelled",""
"2026-03-23T17:02:54.870Z","29764074","XAU/USD","market","sell","0.020","4377.66","cross","filled",""
"2026-03-23T16:46:12.612Z","29702719","XAU/USD","stop_loss","buy","0.010","4390.63","cross","filled","-23.60"
"2026-03-23T16:46:11.299Z","29702529","XAU/USD","stop_loss","buy","0.010","4390.61","cross","cancelled",""
"2026-03-23T16:46:11.299Z","29702718","XAU/USD","take_profit","buy","0.010","4291.30","cross","cancelled",""
"2026-03-23T16:21:40.277Z","29702316","XAU/USD","market","sell","0.010","4367.03","cross","filled",""
"2026-03-23T15:20:06.574Z","29577033","BTC/USD","stop_loss","sell","0.070006","71068.78","cross","filled","-26.45"
"2026-03-23T15:20:06.234Z","29558378","BTC/USD","stop_loss","sell","0.070006","71076.93","cross","cancelled",""
"2026-03-23T15:20:06.234Z","29558937","BTC/USD","take_profit","sell","0.070006","72601.23","cross","cancelled",""
"2026-03-23T15:20:06.234Z","29558938","BTC/USD","stop_loss","sell","0.070006","71076.93","cross","cancelled",""
"2026-03-23T15:20:06.234Z","29577032","BTC/USD","take_profit","sell","0.070006","72170.39","cross","cancelled",""
"2026-03-23T15:00:30.445Z","29558019","BTC/USD","market","buy","0.070006","71446.59","cross","filled",""
"2026-03-23T14:49:17.109Z","29533823","BTC/USD","stop_loss","sell","0.049997","71168.08","cross","filled","-16.03"
"2026-03-23T14:49:16.781Z","29530817","BTC/USD","stop_loss","sell","0.049997","71169.65","cross","cancelled",""
"2026-03-23T14:49:16.781Z","29530927","BTC/USD","take_profit","sell","0.049997","72392.99","cross","cancelled",""
"2026-03-23T14:49:16.781Z","29530928","BTC/USD","stop_loss","sell","0.049997","71169.65","cross","cancelled",""
"2026-03-23T14:49:16.781Z","29533822","BTC/USD","take_profit","sell","0.049997","72893.12","cross","cancelled",""
"2026-03-23T14:42:39.734Z","29530638","BTC/USD","market","buy","0.049997","71488.77","cross","filled",""
"2026-03-23T09:37:48.659Z","29016410","BTC/USD","market","buy","0.129977","67920.43","cross","filled","46.79"
"2026-03-23T09:37:48.626Z","28961180","BTC/USD","stop_loss","buy","0.129977","68460.46","cross","cancelled",""
"2026-03-23T09:37:48.626Z","28961872","BTC/USD","take_profit","buy","0.129977","67745.93","cross","cancelled",""
"2026-03-23T09:37:48.626Z","28961873","BTC/USD","stop_loss","buy","0.129977","68460.46","cross","cancelled",""
"2026-03-23T09:37:48.626Z","28994584","BTC/USD","take_profit","buy","0.129977","67745.93","cross","cancelled",""
"2026-03-23T09:37:48.626Z","28994586","BTC/USD","stop_loss","buy","0.129977","68344.02","cross","cancelled",""
"2026-03-23T09:05:06.045Z","28960776","BTC/USD","market","sell","0.129977","68280.42","cross","filled",""
"2026-03-23T05:53:46.265Z","28626569","XAU/USD","market","buy","0.010","4308.21","cross","filled","48.10"
"2026-03-23T05:53:44.078Z","28577352","XAU/USD","stop_loss","buy","0.010","4369.67","cross","cancelled",""
"2026-03-23T05:53:44.078Z","28578241","XAU/USD","take_profit","buy","0.010","4295.77","cross","cancelled",""
"2026-03-23T05:53:44.078Z","28578242","XAU/USD","stop_loss","buy","0.010","4369.67","cross","cancelled",""
"2026-03-23T05:53:44.078Z","28595240","XAU/USD","take_profit","buy","0.010","4255.88","cross","cancelled",""
"2026-03-23T05:53:44.078Z","28595241","XAU/USD","stop_loss","buy","0.010","4369.67","cross","cancelled",""
"2026-03-23T05:25:48.888Z","28576811","XAU/USD","market","sell","0.010","4356.31","cross","filled",""
"2026-03-23T05:07:55.048Z","28527339","XAU/USD","stop_loss","buy","0.020","4377.88","cross","filled","-23.75"
"2026-03-23T05:07:51.153Z","28526032","XAU/USD","stop_loss","buy","0.020","4377.82","cross","cancelled",""
"2026-03-23T05:07:51.153Z","28526683","XAU/USD","take_profit","buy","0.020","4314.74","cross","cancelled",""
"2026-03-23T05:07:51.153Z","28526684","XAU/USD","stop_loss","buy","0.020","4377.82","cross","cancelled",""
"2026-03-23T05:07:51.153Z","28527338","XAU/USD","take_profit","buy","0.020","4297.61","cross","cancelled",""
"2026-03-23T04:57:38.862Z","28525411","XAU/USD","market","sell","0.020","4366.00","cross","filled",""
"2026-03-23T04:29:38.093Z","28415905","BTC/USD","stop_loss","buy","0.130000","68213.77","cross","filled","-21.58"
"2026-03-23T04:29:37.895Z","28415605","BTC/USD","stop_loss","buy","0.130000","68212.79","cross","cancelled",""
"2026-03-23T04:29:37.895Z","28415904","BTC/USD","take_profit","buy","0.130000","67568.45","cross","cancelled",""
"2026-03-23T03:55:39.179Z","28415465","BTC/USD","market","sell","0.130000","68047.75","cross","filled",""
"2026-03-22T09:00:11.349Z","27607166","BTC/USD","market","buy","0.100002","68790.29","cross","filled","34.34"
"2026-03-22T09:00:11.319Z","27506124","BTC/USD","stop_loss","buy","0.100002","69262.49","cross","cancelled",""
"2026-03-22T09:00:11.319Z","27506265","BTC/USD","take_profit","buy","0.100002","68879.73","cross","cancelled",""
"2026-03-22T09:00:11.319Z","27506266","BTC/USD","stop_loss","buy","0.100002","69262.49","cross","cancelled",""
"2026-03-22T09:00:11.319Z","27511139","BTC/USD","take_profit","buy","0.100002","68879.73","cross","cancelled",""
"2026-03-22T09:00:11.319Z","27511140","BTC/USD","stop_loss","buy","0.100002","69266.52","cross","cancelled",""
"2026-03-22T09:00:11.319Z","27512525","BTC/USD","take_profit","buy","0.100002","68375.25","cross","cancelled",""
"2026-03-22T09:00:11.319Z","27512526","BTC/USD","stop_loss","buy","0.100002","69266.52","cross","cancelled",""
"2026-03-22T09:00:11.319Z","27512608","BTC/USD","take_profit","buy","0.100002","68130.20","cross","cancelled",""
"2026-03-22T09:00:11.319Z","27512609","BTC/USD","stop_loss","buy","0.100002","69266.52","cross","cancelled",""
"2026-03-22T09:00:11.319Z","27518040","BTC/USD","take_profit","buy","0.100002","68130.20","cross","cancelled",""
"2026-03-22T09:00:11.319Z","27518041","BTC/USD","stop_loss","buy","0.100002","69352.07","cross","cancelled",""
"2026-03-22T09:00:11.319Z","27557089","BTC/USD","take_profit","buy","0.100002","68130.20","cross","cancelled",""
"2026-03-22T09:00:11.319Z","27557090","BTC/USD","stop_loss","buy","0.100002","69359.72","cross","cancelled",""
"2026-03-22T09:00:11.319Z","27576724","BTC/USD","take_profit","buy","0.100002","68130.20","cross","cancelled",""
"2026-03-22T09:00:11.319Z","27576725","BTC/USD","stop_loss","buy","0.100002","69317.43","cross","cancelled",""
"2026-03-22T09:00:11.319Z","27576856","BTC/USD","take_profit","buy","0.100002","68131.21","cross","cancelled",""
"2026-03-22T09:00:11.319Z","27576857","BTC/USD","stop_loss","buy","0.100002","69317.43","cross","cancelled",""
"2026-03-22T09:00:11.319Z","27580666","BTC/USD","take_profit","buy","0.100002","68131.21","cross","cancelled",""
"2026-03-22T09:00:11.319Z","27580667","BTC/USD","stop_loss","buy","0.100002","69248.39","cross","cancelled",""
"2026-03-22T09:00:11.319Z","27580843","BTC/USD","take_profit","buy","0.100002","68131.21","cross","cancelled",""
"2026-03-22T09:00:11.319Z","27580844","BTC/USD","stop_loss","buy","0.100002","69354.23","cross","cancelled",""
"2026-03-22T09:00:11.319Z","27606844","BTC/USD","take_profit","buy","0.100002","68131.21","cross","cancelled",""
"2026-03-22T09:00:11.319Z","27606845","BTC/USD","stop_loss","buy","0.100002","68936.40","cross","cancelled",""
"2026-03-22T05:56:24.828Z","27505988","BTC/USD","market","sell","0.100002","69133.69","cross","filled",""
"2026-03-21T05:21:43.039Z","26982306","BTC/USD","stop_loss","buy","0.139999","70743.09","cross","filled","-16.25"
"2026-03-21T05:21:42.913Z","26981237","BTC/USD","stop_loss","buy","0.139999","70743.09","cross","cancelled",""
"2026-03-21T05:21:42.913Z","26981333","BTC/USD","take_profit","buy","0.139999","70416.56","cross","cancelled",""
"2026-03-21T05:21:42.913Z","26981334","BTC/USD","stop_loss","buy","0.139999","70743.09","cross","cancelled",""
"2026-03-21T05:21:42.913Z","26982305","BTC/USD","take_profit","buy","0.139999","70146.09","cross","cancelled",""
"2026-03-21T04:37:58.263Z","26981159","BTC/USD","market","sell","0.139999","70627.02","cross","filled",""
"2026-03-20T06:51:11.118Z","25714173","BTC/USD","market","buy","0.109994","70524.02","cross","filled","4.96"
"2026-03-20T06:51:11.090Z","25564512","BTC/USD","stop_loss","buy","0.109994","70889.79","cross","cancelled",""
"2026-03-20T06:51:11.090Z","25565655","BTC/USD","take_profit","buy","0.109994","69337.27","cross","cancelled",""
"2026-03-20T06:51:11.090Z","25565656","BTC/USD","stop_loss","buy","0.109994","70889.79","cross","cancelled",""
"2026-03-20T06:51:11.090Z","25710943","BTC/USD","take_profit","buy","0.109994","69653.92","cross","cancelled",""
"2026-03-20T06:51:11.090Z","25710944","BTC/USD","stop_loss","buy","0.109994","70889.79","cross","cancelled",""
"2026-03-20T05:32:01.278Z","25564293","BTC/USD","market","sell","0.109994","70569.07","cross","filled",""
"2026-03-20T03:31:23.161Z","25413946","BTC/USD","market","sell","0.110004","70738.64","cross","filled","49.28"
"2026-03-20T03:31:23.123Z","25370729","BTC/USD","stop_loss","sell","0.110004","70109.31","cross","cancelled",""
"2026-03-20T03:31:23.123Z","25371040","BTC/USD","take_profit","sell","0.110004","70838.86","cross","cancelled",""
"2026-03-20T03:31:23.123Z","25371041","BTC/USD","stop_loss","sell","0.110004","70109.31","cross","cancelled",""
"2026-03-20T03:31:23.123Z","25381892","BTC/USD","take_profit","sell","0.110004","71207.74","cross","cancelled",""
"2026-03-20T03:31:23.123Z","25381893","BTC/USD","stop_loss","sell","0.110004","70109.31","cross","cancelled",""
"2026-03-20T03:31:23.123Z","25413473","BTC/USD","take_profit","sell","0.110004","71207.74","cross","cancelled",""
"2026-03-20T03:31:23.123Z","25413474","BTC/USD","stop_loss","sell","0.110004","70384.69","cross","cancelled",""
"2026-03-20T02:48:10.071Z","25370417","BTC/USD","market","buy","0.110004","70290.62","cross","filled",""
"2026-03-19T17:59:10.371Z","25140503","BTC/USD","market","buy","0.050003","69852.31","cross","filled","-7.02"
"2026-03-19T17:59:10.322Z","24788264","BTC/USD","stop_loss","buy","0.050003","70122.18","cross","cancelled",""
"2026-03-19T17:59:10.322Z","24788821","BTC/USD","take_profit","buy","0.050003","68501.70","cross","cancelled",""
"2026-03-19T17:59:10.322Z","24788822","BTC/USD","stop_loss","buy","0.050003","70122.18","cross","cancelled",""
"2026-03-19T17:59:10.322Z","24831881","BTC/USD","take_profit","buy","0.050003","67633.22","cross","cancelled",""
"2026-03-19T17:59:10.322Z","24831882","BTC/USD","stop_loss","buy","0.050003","70122.18","cross","cancelled",""
"2026-03-19T17:59:10.322Z","24832782","BTC/USD","take_profit","buy","0.050003","65704.93","cross","cancelled",""
"2026-03-19T17:59:10.322Z","24832783","BTC/USD","stop_loss","buy","0.050003","70122.18","cross","cancelled",""
"2026-03-19T17:59:10.322Z","24834388","BTC/USD","take_profit","buy","0.050003","66098.41","cross","cancelled",""
"2026-03-19T17:59:10.322Z","24834389","BTC/USD","stop_loss","buy","0.050003","70122.18","cross","cancelled",""
"2026-03-19T17:59:10.322Z","25030397","BTC/USD","take_profit","buy","0.050003","66098.41","cross","cancelled",""
"2026-03-19T17:59:10.322Z","25030398","BTC/USD","stop_loss","buy","0.050003","70126.43","cross","cancelled",""
"2026-03-19T17:59:10.322Z","25083824","BTC/USD","take_profit","buy","0.050003","66098.41","cross","cancelled",""
"2026-03-19T17:59:10.322Z","25083825","BTC/USD","stop_loss","buy","0.050003","69705.07","cross","cancelled",""
"2026-03-19T17:59:10.322Z","25086860","BTC/USD","take_profit","buy","0.050003","66098.41","cross","cancelled",""
"2026-03-19T17:59:10.322Z","25086861","BTC/USD","stop_loss","buy","0.050003","69704.55","cross","cancelled",""
"2026-03-19T17:59:10.322Z","25087881","BTC/USD","take_profit","buy","0.050003","66098.41","cross","cancelled",""
"2026-03-19T17:59:10.322Z","25087882","BTC/USD","stop_loss","buy","0.050003","70130.34","cross","cancelled",""
"2026-03-19T17:59:10.322Z","25095602","BTC/USD","take_profit","buy","0.050003","66098.41","cross","cancelled",""
"2026-03-19T17:59:10.322Z","25095603","BTC/USD","stop_loss","buy","0.050003","70162.91","cross","cancelled",""
"2026-03-19T14:08:55.141Z","24788098","BTC/USD","market","sell","0.050003","69711.91","cross","filled",""
"2026-03-19T12:01:57.617Z","24554422","XAU/USD","market","buy","0.010","4639.37","cross","filled","70.69"
"2026-03-19T12:01:57.324Z","24365334","XAU/USD","stop_loss","buy","0.010","4726.74","cross","cancelled",""
"2026-03-19T12:01:57.324Z","24366447","XAU/USD","take_profit","buy","0.010","4649.79","cross","cancelled",""
"2026-03-19T12:01:57.324Z","24366448","XAU/USD","stop_loss","buy","0.010","4726.74","cross","cancelled",""
"2026-03-19T12:01:57.324Z","24432926","XAU/USD","take_profit","buy","0.010","4649.71","cross","cancelled",""
"2026-03-19T12:01:57.324Z","24432928","XAU/USD","stop_loss","buy","0.010","4726.74","cross","cancelled",""
"2026-03-19T12:01:57.324Z","24549193","XAU/USD","take_profit","buy","0.010","4649.71","cross","cancelled",""
"2026-03-19T12:01:57.324Z","24549194","XAU/USD","stop_loss","buy","0.010","4669.19","cross","cancelled",""
"2026-03-19T12:01:57.324Z","24549440","XAU/USD","take_profit","buy","0.010","4634.76","cross","cancelled",""
"2026-03-19T12:01:57.324Z","24549441","XAU/USD","stop_loss","buy","0.010","4669.19","cross","cancelled",""
"2026-03-19T12:01:57.324Z","24549591","XAU/USD","take_profit","buy","0.010","4609.12","cross","cancelled",""
"2026-03-19T12:01:57.324Z","24549592","XAU/USD","stop_loss","buy","0.010","4669.19","cross","cancelled",""
"2026-03-19T12:01:57.324Z","24551488","XAU/USD","take_profit","buy","0.010","4609.12","cross","cancelled",""
"2026-03-19T12:01:57.324Z","24551489","XAU/USD","stop_loss","buy","0.010","4660.47","cross","cancelled",""
"2026-03-19T09:42:48.408Z","24365195","XAU/USD","market","sell","0.010","4710.07","cross","filled",""